मैं एक ख तर ना क परा ण ी हूँ	నేను పరమా ద కర మెన వయకతి ని
ऐसे चु ट कु ले सुना देना .	ఇలా ంటి జో కు లే చెపప ండి .
यह लगा तार सा बि त करने की कोशिश करते रह ते हैं कि मैं बा जी गर हूँ .	నేను జ గ లి ంగ చేయ గలను అని ని రూ పి ంచ డానికి ఆ గ కుండా పరయతని సతుననారు .
- देखा ? - लग भ ग कर ही लिया था .	- చూశా వా ? - కొంచ ె ంలో పడ ే సా వు .
अब आ ख िर कार मेरा काम खतम हुआ !	ఇక నేను చి వ రికి అన నీ ఇ చ చేసా !
यह लो .	ఇ దు గో .
नहीं .	లేదు .
मुझे लगा था तुमहारा काम खत रे से बचा ना है .	నీ పని పరమా దానని తపప ి ంచడం అని అను కుననా నే .
मैं सी ख रहा हूँ कि मेरे ध ं धे में थो डे खत रे उठा ना जरू री है .	నా పని లో కొ ంత పరమా ద ం ఉండ డం కూడా అవసరం అని నే రచు కుంటుననా ను .
मेरा हु नर है , मैं किसी भी चीज का स वाद च ख सकती हूँ . मुझे कुछ च ख ने को दो .	నాకు దే ని నె నా రు చి చూ సే ట య ాల ె ంట ఉంది . నాకు రు చి చూడ డానికి ఏదెనా ఇవవ ండి .
ओह , नहीं .	ఓహ , అయ యో .
ओह , नहीं .	ఓహ , లేదు .
- मैं सुन रही हूँ . - मेरी पी ठ के साथ पी ठ जो डो	- ఎలా గో చెపపు . - నీ వీ పు ను నా వీ పు కు ఆ ని ంచి
उसने अपने सभी दोसत ों से कह दिया मैं बहुत अचछा पर दर शन कर ूँगी .	నేను ఎంత బాగా ప లే చేయ బో తుననా నో అంద రికీ చెపపి ర పప ి ంచా డు కూడా .
मुझे नहीं लगता कोई भी और परा ण ी यह गा ना चु न ता .	వే రే ఎవరెనా సరే , అలా ంటి పా ట ను ఎ ంచు కొ ని ఉండ రు .
तुम यह सा रा समय मेरे सामने ब जाती रही हो .	మీరు ఇంత సే ప ూ నా ముందు పె ర ఫా మ చేశారు కదా .
जब भी तुम तैयार हो जाओ .	రె డీ గా ఉంటే మొద లె టట ండి .
पर मुझे सच में लगता है कि इस पर शि कष ण ने तुमहें पर दर शन के लिए भी तैयार किया है .	కానీ ఈ ట రె ని ంగ మిమమలని మీ పె ర ఫా ర మన స కి సిదధ ం చేసి ందని మా తరం నాకు అనిపి సతోంది .
सुनो , हम परा ण ि यों की अजीब खा ने की पसंद के बारे में कोई रा य नहीं बना ते .	హేయ , ఇ తరు లు తి న డానికి ఇష ట పడి ఇ చ చే ఆర డ ర లను మనం త కకువ చేసి మాటలాడ కూడదు .
और तुमहारी भी , दूसरे परा ण ि यों के सामने अपना हु नर पे श करना चाहिए .	అలాగే నీ కోసం నేను ఇ తరు ల ముందు పె ర ఫా మ చేయాలి అనన టటు అనిపి సతోంది .
माफ करना . इतनी नि रा शा भ री बात कह ने का मेरा इ रा दा नहीं था .	కషమించు . అది నేను అను కునన దాని క ననా బా ధా కర కంగా వి ని పి ంచింది .
चिंता मत करो . मैं तुमहारी की हुई ग ड ब ड को ठीक कर दे ता हूँ .	ఏం చి ంతి ంచ కు . నువవు చేసిన ఈ రా దధ ా ంతా నని నేను సరి చేసతాను .
- तुमने मेरी सला ह मान ली ! - कृपया , यह करना बंद करो .	- మీరు నా స ల హా తీసు కుననా రు ! - పలీజ , ఇలా చేయడం ఆ ప ండి !
अचछा , यह मुझे भी समझ नहीं आया . पर तुमने अचछा बो ला .	సరే , ఇది నాకు కూడా తి క మ క గా ఉంది . కానీ బాగా చెపపా రు .
शायद सिरफ त भी जब आपका साम ना खतम होने से हो रहा हो .	ఆ విషయం బహుశా చా వు కు దగగర గా వెళళి నపపుడు చూ దదాం లే .
पता है , यहाँ कुछ परा ण ी मुझे गा इ ड कह कर बुला ते हैं .	ఒకటి చెపప నా , ఇకకడ ఉనన కొ ంద రు ననను గె డ అ ంటు ంటా రు .
- मैं ठीक ही कर रहा था . - इस ने मेरी तार ें बदल दी ं .	- నేను చే సతునన ది అదే . - ఈ మనిషి వె రి ంగ మార చా రు .
तुमहारा यह गा ना चु न ना तुमहें अन ू ठा बना ता है .	మీరు ఆ పా ట ను ఎ ంచుకో వడం మిమమలని స పె ష ల చేసి ంది .
कभी - कभी मैं उन इ मा रत ों जि तना ही डा वा ँ डो ल महसूस करता हूँ जिन का मैं अ ध य यन करता हूँ .	కొనని సా రలు అ ధ యయ నం చే సతునన నిర మా ణ ాల లా గే నా జీవితం కూడా బ ల హ ీ న ంగా ఉనన టటు ఉంటుంది .
ठीक है , तुम सही थे . यह बहुत ड रा वना है .	సరే , నువవు అనన దే నిజం . ఇది చాలా భ యం క రం .
मैं समझ गई . तुमने मुझे दू सर ों को अपना हु नर दिखा ने की कष म ता के करी ब पहुँ चा या .	నేను అరథం చేసుకో గలను . అలా ప ంచుకో వడానికి నాకు సత తా రా వడం లో మీరు కొ ంత సా య పడ డా రు .
मैंने कभी इतना जी व ंत महसूस नहीं किया .	నేను ము ంద ె పపుడ ూ ఇంత మ జా ఫీ ల అవ వ లేదు .
मैं ऊँ चा ब जा रही हूँ ताकि तुम सुन पा ओ भी ड के सामने मुझे कोई डर नहीं लगता	నువవు వి నా లని నేను గ టటి గా వా యి సతుననాను ఈ జ నం ముందు నాకు ఎలా ంటి భ యం ఇక లేదు
कभी - कभी मैं यहाँ दिन के समय आता हूँ	కొనని సా రలు నేను ప గ టి ప ూ ట ఇకకడికి వచచి
तुम दोनों को यह तु र ंत ठीक करना होगा .	మీ ఇదద రూ ఈ తపపు ని వెంట నే సరి చేయాలి .
दुनिया में न ई चीजें जान ने के लिए कितना कुछ है . अपने खुद के बारे में भी .	మనం ఇంకా చూడ ాల సింది ఎ ంతో ఉంది . మన గురించి మన మే తెలుసు కో వాల సింది కూడా .
हैलो . मेरी पसंद ी दा जी वन दा ता आ गई ं .	హేయ . నాకు అత య ంత ఇష ట మెన నా పరా ణ దా తా .
मेरा ख ून का प ं प इतनी ते ज चल रहा है .	నా గు ండ ె భలే వే గ ంగా కొ టటు కు ంట ో ంది .
तुमहारी इ चछ ा एँ और जरूरत ें कया हैं ?	నీకు ఉనన ఇష ట ాలు అలాగే అవ సర ాలు ఏంటి ?
और अपने खुद के फै स ले नहीं ले रही .	తీసుకో వడం లేదు అనన టటు అనిపి సతుంది .
यह परा ण ि यों की बना ई म शी न जरूर इस शान दार ए का श म से ऊ र जा परि वर ति त करके	ఈ మా నవ స ృష టి అయి న మె షి న ఈ అంద మెన పెదద శి ల నుండి శ కతి ని బయటకు తీ సి
उसे के यर फु ल ना ओ में भेज ती होगी .	దానిని కే ర ఫ ు ల నవ కి పం పు తోంది .
किसी न किसी दिन तुम मान जाओ गे .	ఏద ొక రోజు మీ రే ఒ పపు కుంటా రు లే .
तुम दोनों परति भा शा ली परा ण ी हो .	మీ ఇదద రికీ చాలా ట య ాల ె ంట ఉంది .
किसी ने किया है ? कृपया , बताओ .	ఎవరెనా ఉననా రా ? దయచేసి చెపప ండి .
माफ करना . मुझे इस जगह के बारे में तुमसे कहीं जयादा पता है .	కషమించు . కానీ ఈ పర దేశం గురించి నీ కంటే నాకు ఎకకువ తెలుసు .
तो किसी परा ण ी को सही दि शा में ध के ल ना मुझे अचछा लगता है .	నేను ఒక వయకతి ని స రెన మా రగ ంలో న డి పి ంచ డానికి ఇష ట పడ తాను .
दर श कों के सामने पर दर शन करना एक ऐसा भा वना त म क खत रा है जिस का अ ंत त बा ही हो सकता है .	ఆ డి య నస ముందు పర దర శి ంచడం అంటే ఊ హి ంచ ని దారు ణం జ రి గే అవకా శ ంతో మా న సి క రి స క తీసుకో వ డ మే .
यह नि म ं तर ण मिला कहाँ से है ?	ఈ ఆ హ వా నం నీకు ఎలా అ ంది ంది ?
अचछा है . मैं इस काम के खतम होने का इंतजार कर रही हूँ .	మంచిది . నాకు ఈ పని ని వీ లెన ంత తవర గా ము గి ంచ ాలని ఉంది .
- चलो यह काम खतम करें . - यह जगह ब लू परि ंट में नहीं थी .	- వెళలి పని పూరతి చే దదాం ప దా . - ఇది బ లు పరి ంట లలో లేదు .
हम इस ग ड ढ े को दोनों ओर ख डे होंगे और फिर अपनी पी ठ ों का स हा रा लेकर	మనం ఆ క నన ంలో కి ది గి , నె మమ ది గా ఒకక ొ కక అడుగు వే సు కు ంట ూ మన వీ పు ల పె
यह जान ने से आता है कि आपका पर दर शन शान दार हो सकता है .	అని తెలి సి సట ే జి మీద కు వెళల బో యే ముందు వచచే ఆ థ రి ల .
नहीं , मेरा मतलब , मैं . . .	కాదు , నా ఉదదేశం , నేను . . .
वह नीचे उ तर ना उ तना ही ख तर ना क था जि तना मैंने सोचा था .	భలే , నేను అను కునన టటే ఆ ది గ డం చాలా పరమా ద కర ంగా ఉంది .
मैं फिर से कोशिश करना चाहती हूँ . हर अस फ ल कोशिश के साथ यह और मुशकिल हो जाता है .	నాకు మళళీ ట రె చేయ ాలని ఉంది . కానీ వి ఫ ల మెన పర తీ సారి ఈ పని ఇంకా కష టం అవు తోంది .
आ भा र . मुझे लगता है यह बे कार न क शा बाहर निकल ने का रा सता शायद इस तरफ दिखा ए गा .	చాలా సంతోష ం . ఈ ప నికి రా ని మయా ప మనం బయట పడ డానికి దా రి చూ పు తుంది అని అనిపి సతోంది .
और यु वा परा ण ि यों को मुझे रे त में द बा ने दे ता हूँ .	పిలల లతో నా మీద ఇ సు క పోయి ంచు కు ని క పప ి పె టటి ంచు కుంటా .
तुम बहुत बढिया कर रही हो .	నువవు భలే పని చేసతుననా వు .
अ द भ ु त पर दर शन किया तुमने .	అదభు త మెన పె ర ఫా ర మన స , అ ండి .
- धनयवाद . - यह शान दार था !	- థాంక స . - చాలా బాగుంది !
हम यहाँ कया कर रहे हैं ?	మనం ఇకకడ ఏం చేసతుననా ం ?
साथ ही , थोडा ऊँ चा बो लो .	అలాగే , గ టటి గా చెపప ండి .
पर कभी - कभी शायद मैं जयादा जो र डाल दे ता हूँ .	కానీ ఒకక ొ కక సారి కొంచెం అ తి గా ఒ తతి డి చే సతు ంటా .
मैं इसका स वाद च ख ूँगी .	నేను అవి రు చి చూ సతాను .
अभी हम जो काम करेंगे , उनसे तुम भी ड के सामने पर दर शन करने के लिए	ఇపపుడు మీరు చేయ బో యే ఈ ప ను లు జ నం ముందు పర దర శి ంచ డానికి మీకు అవ సర మెన
तो यह पता करने के लिए तुमहें उनहें ऑ र डर गा कर सुना ना होगा . एक तरह का पर दर शन समझ लो .	కాబటటి అది తెలుసు కో వడానికి మీరు వాళళ ఆర డ ర ని పా డి వి ని పి ంచాలి . ఒక చి నని పె ర ఫా ర మన స లా గ .
उ नहीं भ ि न न ता ओं की खू बस ूर ती का ज शन मना ने के लिए मैं हर परि कर मा के द ौ रा न यह शो रख ता हूँ .	నేను ఈ భి నన త వాల ను వే డు క గా జ రు పు కో వడానికి పర తీ ఏ డా ది ఈ కార య కర మా నని ఏ ర పాటు చే సతు ంటా .
तना व होते हुए भी गा ने के बारे में मेरा आत म विश वास थोडा बढ ा तो है .	ఒ తతి డి లో ఉనన పపుడు పా డ టానికి నాకు కొంచెం ఆ తమ వి శ వా సం వచచి న టటే ఉంది .
मुझे समझ नहीं आ रहा .	నాకు అరథం కా వడం లేదు .
वह सच में समझ दार थे . उनके खतम होने के बाद	అవును , నిజ మే . కానీ వారు మ రణ ి ంచిన తరవాత ,
मैं तै या री करने में मदद सिरफ इसलिए कर रहा हूँ कयोंकि तुम मुझे मु फ त ना श ता दे ते हो .	మీరు నాకు ఫ రీ గా టి ఫి న పె డు తుననారు అనన కారణ ంగా మాతరమే నేను మీకు సాయం చేసతుననా .
मुझे बहुत खुशी हुई तुम अपना हु नर सब को दिखा ओ गी . तुमहारे पर दर शन का कया नाम है ?	మీరు మీ ట య ాల ె ంట ని చూ పు తునన ందుకు నాకు సంతోష ంగా ఉంది . మీరు చేయ బో యే పని పేరు ఏంటి ?
हमने अपना काम खतम कर लिया है और अब हम यहाँ से बाहर निकल ेंगे .	మనం మన పని ని పూరతి చేశా ం , ఇక మనం ఇ కకడి నుండి వెళళి పో వాలి .
लगता है तुमहारे मिल कर काम न करने के कारण हमारा टे लै ंट शो अं धे रे में ड ू ब गया है .	చూ సతు ంటే మీ మధయ స రెన స ఖ యత లే కపో వడం వలల మన ట య ాల ె ంట ష ో చ ీ క టి మ యం అయి న టటు ఉంది .
और जैसा आपने कहा , वह यहाँ नहीं हैं कयोंकि वह खतम हो गए हैं .	నువవు అనన ది నిజ మే , వారు చని పోయా రు కాబటటి ఇపపుడు నవ వ లే రు .
मैं चा हूँ गी कि खतम होने का खत रा उठा ए बिना भी परा ण ी सबसे जी व ंत महसूस करें .	చా వు ను ఎదు ర కో కుండా కూడా జ నం తమ జీవి త ాల లో అత య ంత ఉ త సా హా నని పొ ంద గ లి గి తే బాగు ండు .
वाह . मु फ त का खाना .	వా వ . ఉ చి తంగా భ ో జ నం .
अगर मैं इस बारे में सोच ूँ तो कया तुम छु प कर न बैठ ने का वा दा करो गे ?	నేను ఆలోచి సతాను అని చెప తే , మీరు ఇలా దా గు కొ ని క న నే సి ఉ ంచడం మా నే సతా రా ?
मुझे लगता है वह यहाँ होते तो यह सुन कर ह ँ स पड ते .	వారు బర తి కి ఉ ండి ఉంటే , ఈ విషయం వి ని నవ వు కునే వారు .
यह दु ः ख की बात है , पर मैं स हम त हूँ .	వి చా ర కర మే , కానీ నాకు కూడా అలాగే ఉంది .
तुमहें कुछ ऐसा ब जाने में मदद कर ूँ जो दर श कों को दूस री दुनिया में पहुँ चा दे .	జ నా నని ఆ కా శా నికి తీసు కె ళల గల పె ర ఫా ర మన స ఇవ వడానికి నేను సాయం చేయ గలను ఏ మో .
तुम अपना यह हु नर मेरे रे स तो रा ं के वार ष ि क टे लै ंट शो में कयों नहीं दिखा ती ?	నా రె సటా రె ంట వార షి క ట య ాల ె ంట కార య కర మ ంలో మీ ట య ాల ె ంట ని చూపి ంచ వచచు కదా ?
कया किसी को चा व लों के ऊपर को को की टि क की चाहिए थी ?	ఎవరెనా ఒక పి ండి ము దద మీద చా క లెట కా వాలని ఆర డ ర చేశా రా ?
अगर बि ज ली नहीं होगी तो हम टे लै ंट शो कैसे करेंगे ?	క రె ంటు లే కుండా మనం ట య ాల ె ంట కార య కర మా నని ఎలా పెటట గల ం ?
यह काफी बे कार है	చాలా దారు ణ మెన ఐ ట మ
बहुत पसंद आया . तुमहें न ई चीजें करते देख कर अचछा लगा .	నాకు చాలా న చచి ంది . మీరు కొతత ప ను లు చేయడం భలే ఉంది .
मुझे मु फ त ना श ता कयों नहीं मिल ता ?	నాకు ఎందుకు ఫ రీ గా టి ఫి న ఇవవ రు ?
वय व स था ठीक रख ना मेरी पह चा न है .	మే నే జ మె ంట చేయ కుండా నేను ఉండ లేను .
मुझ पर भरो सा करने के लिए धनयवाद .	నా మీద నమమ కం ఉ ంచిన ందుకు థాంక స .
कया मतलब है तुमहारा ? बेशक हमने ठीक कर दिया . नहीं तो यह शो कैसे चल रहा होता ?	అలా ఎందుకు అడుగు తుననావు ? తపప కుండా పరి ష కరి ంచా ం . లే ద ంటే అసలు కార య కర మ ం ఎలా న డి చే ది ?
और , हो गया . इसे ऐसे करते हैं .	ఇపపుడు , అంతే . అన నీ ఇలా పెటట ాలి .
कया वे इसके लिए सही परा ण ी हैं ?	ఆ ప నికి వారి దద రూ స రెన వా రే నా ?
खैर , हम दोनों ने अभी जाना कि यह सच नहीं है . तुम काफी परति भा शा ली हो .	అంటే , అది నిజం కా దని మని దద రికీ ఇ పపుడే తెలి సింది . మీకు చాలా ట య ాల ె ంట ఉంది .
कया तुम अपनी यह भा ष ण बा जी बाहर जाकर कर लो गे ?	మీరు ఈ సం భా ష ణ ను కొంచెం బయట పెటటు కుంటా రా ?
और यहाँ , के यर फु ल ना ओ में अपने दोसत ों के साथ उसे बा ँ ट ल ूँ .	కే ర ఫ ు ల నవ లో ఉనన మా ఫ రెండ స తో ప ంచుకో వాలి అనిపి ంచింది .
ठीक है . अभी अपना स फर पूरा करने के लिए तुमहें दो चीजें और करनी हैं .	సరే . నీ పర యా ణ ా నని పూరతి చేయ డానికి నువవు ఇం కొ క రెండు ప ను లు చేయ ాల సి ఉంది .
अब मेरा मन ल ल चा रहा है कया किसी ने ऑ र डर किया था . . .	సరే , ఇపపుడు నాకు కూడా రు చి చూడ ాలని ఉంది ఎవరి కె నా ఒక . . .
और न ू ड ल स का ढ े र पर त ों के साथ	ఎవరెనా ల సా నయా ఆర డ ర చేశా రా ?
तुमहारा ती स रा काम है , अपनी साफ की हुई प ले ट ों पर वे ऑ र डर लेकर जाना जो तुम ला ई थीं .	మూ డ వ పని గా మీరు శు భ రం చేసిన ప లే ట లలో ఆ హా రా నని పె టటి మీ రే క సట మర లకు అ ంది ంచాలి .
मैं ऊपर च ढ ने की कोशिश कर सकती हूँ	నేను అ కకడికి ఎ కక డానికి ట రె చేయ గలను ,
तुम प ले ट ें भी ठीक - ठा क साफ कर ले ती हो .	అలాగే ప లే టలు శు భ రం చేసే పని కూడా పర లేదు .
- यह कया ? - बस , जैसा मैं कहूँ , करती रहो .	- ఏంటి ? - నేను చెపపి న టటు చేయ ండి చ ాలు .
आज का दिन बहुत ड रा वना था पर बहुत सं तु ष टि भी मिली .	ఇ వాళ చాలా భ యం వే సింది , కానీ మన సు ని ండి న టటు కూడా ఉంది .
तुम कोई न कोई ह ल ढूँढ लो गे .	మీ రే పరి ష కా రా నని కని పె డ తారు .
हर परा ण ी न हा ते समय या अपनी चा ल न म शी न में अके ले जाते समय गा ने गा ना पसंद करता है .	పర తీ వయకతి కీ తమ ష వర లో లేదా వా హ నం లో వెళ తునన పపుడు ఒ ంట రి గా పా డ డం న చచు తుంది .
हम पहुँच गए .	మనం బయట పడ డా ం .
तुम तैयार हो ?	మీరు సిదధ మా ?
मेरा हु नर है तुमहारे रे स तो रा ं को प हा ड की चो टी से गिर ने से बचा ना .	మీ రె సటా రె ంట ఈ కొ ండ మీద నుండి కూ లి పో కుండా ఆ పడ మే నా ట య ాల ె ంట .
हाँ . पर अगर तुमहें कोई छु पा हुआ दिख भी जाए , तो वह केवल छु प ने का दिखा वा कर रहा है .	తపప కుండా . కానీ ఎవరెనా గ మని సతునన టటు మీరు చూ సతే , అది నా లా గ కనిపి ంచే వయకతి అని తెలుసు కో ండి .
उनहें लगता था कि इससे परा ण ि यों को खुशी मिले गी .	నువవు అలా చే సతే చూ సే వారు సంతో షి సతా రని వారి ఉదదేశం .
मैं यहाँ काम नहीं करता .	నేను అసలు ఇకకడ ప నే చేయ ను .
कितनी शर मि ंद गी हो रही है .	నాకు చాలా సి గ గు గా ఉంది .
तुमहें पत थ र सच में बहुत पसंद हैं , ह ँ ?	నీకు నిజంగా నే రా ళలు అంటే ఇషటం కదా ?
तना व से मेरा ख ून का प ं प थ र थ रा ता है	ఆ ఒ తతి డి నా గు ండ ె పే లి పో యే లా చే సతుంది
दूसरे जी वन दा ता को भी आप पर गर व होगा . अगर वे खतम नहीं हुए होते , बेशक .	ఇం కొ క పరా ణ దా త కూడా ఉ ండి ఉంటే ఎ ంతో గర వ పడ ే వారు . వారు చని పోయి ఉండ కపోతే అనుకో .
जि ज ञ ा सा और गु ससा इस ग रह पर जहाँ चार ों तरफ है खत रा	ఆ స కతి అలాగే ఆ గర హం పరమా ద ంతో ని ండి ఉనన పరపంచ ంలో
मुझे अचछा नहीं लगता जब मैं परा ण ि यों के सामने ब जाती हूँ	నేను ఇ తరు ల ముందు వా యి ంచే ట పపుడు ము ంద ె పపుడ ూ మంచి గా ఫీ ల కాల ేదు
शायद बेहतर होगा मैं सट े ज पर तुमहारी मदद कर द ूँ ,	బహుశా సట ే జి మీద నేను మీకు సాయం చేయ గలను ఏ మో ,
अपने इस रो मा ं च क स फर की स फ ल ता का ल ु त फ उठा एँ .	వెళలి సట ే జి మీద జ నం చూపి ంచే ట య ాల ె ంట స ని చూ దదాం .
यह ठीक आ सा र नहीं हैं .	అది చాలా భ యం కర ంగా ఉంది .
जब से मैं इन से मिली हूँ , यह ऐसे ही हैं .	నేను కలి సిన నా ట నుండి వారు ఇలా గే ఉననారు .
तुमहारा दूस रा काम है , शे फ को ग रा ह कों के ऑ र डर बता ना	రెండ వ పని ఏంట ంటే , సర వర ఇ చచి వెళలి న తరవాత క సట మర ల ఆర డ ర లను
इन का अ ध य यन मैं बाद में कर ूँगा .	నేను వీ టి ని తరవాత అ ధ యయ నం చేసతాను .
कृपया सट े ज पर सवागत कीजिए , " मैंने अभी तक सोचा नहीं " का .	దయచేసి సట ే జి మీద కు ఆ హ వా ని దదాం , ఇంకా తెలీదు గా రి ని .
खुद से सच बोल ने से जयादा मह त व देने लगे .	నిజ ా యి తీ గా ఉండ డా నని త యా గం చేసే లా త యా రయ యా రు .
तो हमें इस बि ज ली की तार के साथ - साथ किसी अन जान जगह पर जाना होगा .	మనం ఈ ప వర లెన ని ఫ ాలో అవు తూ తెలీ ని పర దే శ ాల కు వెళల ాల సి ందే .
हमने बै क अप जे न रे टर चला दिया था .	మేము బ యా క ప జ న రే టర ని వా డా ము .
मुझे इस खा ने को जल ने से पहले प ले ट में डाल ना है .	ఈ వ ంట అ తి గా ఉ డి కి పో యే లో గా దానిని ప లే ట లో పెటట ాలి .
एक सि ता रे की परि कर मा कर रहा है	ఒక న కష తరం చు టట ూ తి రుగు తోంది
मुझे चा व लों के ऊपर को को की टि क की चाहिए . . . बे कार .	నాకు పి ండి ము దద మీద చా క లెట పె టటి . . . దారు ణం .
मेरे कान !	నా చె వు లు !
ग ड ढ े में नीचे उ तर ने के लिए एक - एक क दम करके पीछे की ओर चल ेंगे .	ఒ తతి డి పె డు తూ వెన కకి న డు సతూ ఆ క నన ం కింద కు వెళలి పో వచచు .
जरा रु क ना .	ఒకక కష ణం .
मैं केवल एक दर शक के सामने बेह तरी न पर दर शन करती हूँ	ఒకక రి ముందు వా యి సతే నే నేను బాగా పర దర శి ంచ గలను
उन दर श कों के लिए शायद वह उप यु कत नहीं था	ఆ ఆ డి య నస కి ఆ పా ట త గి న ది కా కపో వచచు ,
तुमहारी आवा ज स दा मुझे रा सता दिखा ए गी	నీ స వ రం ననను ఎ పపటి కీ న డి పి సతూ నే ఉంటుంది
जयादा तर परा ण ि यों ने नहीं देखा होगा . ये सबसे पहले परा ण ि यों के बना ए कुछ चि तर हो सकते हैं .	ఇలా ంటి ది చాలా మంది చూ సి ఉండ రు . ఇ వి మన జా తి వారు గ ీ సిన పు రా తన బ ొ మమ లు అయ యు ంటా యి .
लगता है तुम मेरे सामने आ राम से ब जा ले ती हो .	నా ముందు పె ర ఫా మ చేయడం మీకు స ౌ కర య ంగా ఉనన టటు ఉంది .
मैं यह कर सकता हूँ .	నేను ఇది చేయ గలను .
वह कितना ड रा वना था !	చాలా భ యం వే సింది !
कि कोई नया परा ण ी अपना हु नर हमारे सामने पे श करे .	తన ట య ాల ె ంట చూపి ంచే లా పర ో త స హి ంచడం నా లకష యం .
कुछ थो डे अजीब लग सकते हैं	కొనని విషయ ాలు వి ంత గా ఉండ ొ చచు
हमें एक - दूसरे को स हा रा देना होगा .	ఒక రికి ఒక రం స పో ర టు చేసు కు ంట ూ వెళళ ాలి .
तुम यहाँ नहीं हो इसका मतलब यह नहीं कि तुम मेरे साथ नहीं	నువవు ఇకకడ లే న ంత మా త రా నా నువవు నాతో లేవు అని కాదు
आ मत ौर पर हि म मत का एक उन मा दी च कर . . .	సా ధా రణ ంగా భ ర మ లాంటి ఒక ధ ె ర యం . . .
केवल मैं ही यह कर सकता हूँ .	ఇది నేను మాతరమే చేయ గలను .
ठीक है , मैं यह कर सकता हूँ .	సరే , నేను ఈ పని చేయ గలను .
इस तरह बो लो कि ऐसा लगे वह परा ण ी इस सला द के बिना खतम हो सकता है .	జ నం వాళ లకు తమ స లా డ అంద కపోతే చచ చి పో తా రే మో అనన టటు చెపప ండి .
धनयवाद . मुझे उससे एल र जी है .	థాంక స . నాకు అ లె ర జీ ఉంది .
और यह मेरी सुरकष ा भी करे गा ?	ఇది నా ర కష ణ కోసం క టట ా వా ?
लगता है हम दोनों को अपनी जिंद गि यों में आगे बढ ने का रा सता नहीं मिल रहा .	మని దద రి జీవి త ాల లో ము ందుకు వెళల లే కుండా గో డ లు అడ డు వచచి న టటు ఉననాయి .
मुझे अब ठीक तरह पता नहीं पर इतना पता है कि मैं सं तु ष ट महसूस नहीं करती .	నాకు ఇపపుడు ఆ విషయం లో సప షట త లేదు , కానీ నా మన సు లో ఏదో వె లి తి ఉ ందని మా తరం తెలుసు .
कयोंकि दूसरे परा ण ि यों के सामने ब जाना मुझे बहुत मुशकिल लगता है .	కాబటటి నేను ధ ె రయ ంగా అంత రా యం లే కుండా వా యి ంచ గల కొనని పర దే శ ాల లో ఇది ఒకటి .
यह रहा आपका ऑ र डर . मेरे खया ल से .	మీ ఆర డ ర ఇ దు గో ండి . ఇది మీ దే అను కు ంట .
अगर तुमने बि ज ली की तार ें गलत नहीं लगा ई होती ं तो ऐसा कभी नहीं होता .	నువవు గ నుక క రె ంటు క నె కష న ని తపపు గా పె టటి ఉండ కపోతే ఇలా జరిగి ఉండే ది కాదు .
सला द चाहिए . स ॉ स मत मिला ना .	స లా డ . హా ట సా స వే య కుండా .
- वह मेरा नहीं है . - मैंने उसका ऑ र डर दिया था .	- అది నా ది కాదు . - అది నేను ఆర డ ర చేశా .
ठीक है , तो अब इसे वापस चा लू कैसे करें ?	సరే , అయితే తిరిగి క రె ంటు వెళ లే లా చేయడం ఎలా ?
मैंने तुमहें संभाल लिया है . तुम यह कर लो गी .	నువవు ఈ పని చేయ గల వు . నీకు ఆ సత తా ఉంది .
कया इसका मतलब है हम दु ः ख ी हैं ?	దీ నికి అరథం మనం సంతోష ంగా లే ము అ నా ?
हम जी वन को मा य ने देने के तरी के ढूँढ ले ते हैं	జీవి తా నికి అరథ ా నని ఇవ వడానికి మా రగ ాలను వె తు కు తు ంటా ం
कयोंकि मुझे पता है मैं यह अके ली नहीं कर रही	ఎందుకంటే నేను ఒ ంట రి గా ఇది చేయడం లే దని నాకు తెలుసు
जैसे कि सा बि त करना कि अपनी जिंदगी पर आपका निय ं तर ण आपकी सोच से जयादा है .	అను కునే దాని క ననా జీవి తా నని మరి ంత బాగా క ంట రో ల చేసు కుంటుననా ం అని ని రూ పి ంచుకో వడం లా గ .
कया तुमहें यह कोई सं के त लगता है ?	ఇది ఒక సం కే తం అనుకుంటుననా వా ?
लगता तो है कि ब जाती रही .	నేను చేసిన టటు ఉననాను .
यह कैसे हो गया कि हम अब तक खतम नहीं हुए .	ఇది అ సా ధయ మే , కానీ మనం ఇంకా చా వ లేదు .
अगर मैं इस पा ता ल में जा सकती हूँ , तो तुम भी जा सकते हो .	ఈ చ ీ క టి లోకి నేను వెళల గ లి గి తే , నువవు కూడా రా గల వు .
इससे कोई फा य दा नहीं हुआ पर वैसे यह सच है .	పెదద గా ప నికి రా ని సమా చా రం , కానీ ఒక వి ధ ంగా నిజ మే .
मैं हमेशा रे स तो रा ं और काम को अपनी इ चछ ा ओं और जरूरत ों से आगे रख ती हूँ .	నేను నా ఇష ట ాలు , అవ సర ాల కు బ దు లు ఎపపుడూ రె సటా రె ంట అవ సర ాల కే పరా ముఖ య తను ఇ సతు ంటా ను .
मेरे ऊपर तुमहारा ए ह सान था .	నేను నీకు రు ణ పడి ఉననాను .
जब तक खा कर न देखो , रा य मत बना ओ .	రు చి చూడ కుండా నే అలా అన క ండి .
- यह शान दार था . - बहुत सु ंदर !	- అదభు తంగా ఉంది ! - అంద ంగా ఉంది !
इस न क शे के अनु सा र एक और सु र ंग है , पर मुझे वह नजर नहीं आ रही .	ఈ మయా ప లో ఇకకడ ఇం కొ క స ొ రం గం ఉ ందని ఉంది , కానీ నాకు అది కనిపి ంచడం లేదు .
यहाँ कुछ आ शा की कि रण ज गी है .	ఇది చూ సతు ంటే ఫ లి తం ఉండే లా ఉంది .
छ ल मान ता हूँ . मेरा काम खत रे से बच ने में मदद करना है , उसे ग ले लगा ना नहीं .	నేను ఒ పపు కుంటా ను . నా పని పరమా ద ం జరగ కుండా అ రిక టట డం , కా వాలని దాని దగగర కు వెళల డం కాదు .
मैं एक सं र च ना त म क इं जी नि यर हूँ .	నేను ఒక నిర మా ణ ఇం జి నీ ర ని .
सवा दि ष ट सला द ?	రు చి కర మెన స లా డ ?
- हमें गिर ना पडे गा . - कया उससे चो ट लगे गी ?	- మనం పడి పో బో తుననాం . - పడి తే న ొ పప ి గా ఉ ంటు ందా ?
तो , तुमने उसे ठीक कर दिया ?	సరే , మేము సమసయ ను పరి ష కరి ంచా మా ?
मैं फिर से तुम दोनों को नि रा श नहीं करना चाहती .	నేను మళళీ మీ ఇదద రి నీ ని రా శ పర చ ాలని అనుకో వడం లేదు .
इसका पर दर शन से कया लेना - देना है ?	దీ నికి పె ర ఫా మ చేయ డ ంతో ఏం సంబం ధం ఉంది ?
अजीब है , ज मी न से उठा या ही नहीं जा रहा .	నే ల మీద నుండి తీ య డం ఎందు కో చాలా కష ట ంగా ఉంది .
देखो , मैं एक बू ढ ा , बे ढ ं गा , शान दार परा ण ी हूँ .	చూడ ండి , నేను ఒక అత యు త సా హం ఉనన అంద మెన ము స లి వయకతి ని .
उसे बहुत परि कर मा एँ हो चु की हैं . हम उसका साम ना ऐसे ही करते हैं .	అది జరిగి చాలా సం వ త సర ాలు అయి ంది . మేము ఆ బాధ తో జీవి ంచ డానికి ఇ దొ క మా రగ ం .
वह मेरा था ! कोई खा कर देखना चाहता है ?	అది నా ఐ ట మ ! ఎవరెనా ట రె చేసతా రా ?
मेरा अं दा जा है कि यह किसी ब ौ द धि क रूप से श रे ष ठ परा ण ी का काम है .	నే నె తే ఇది మన సథా యి కి మి ంచిన బాగా తెలి వి తే టలు ఉనన జీవి పని అనుకుంటుననా ను .
मुझे परा ण ि यों को ध के ल ना पसंद जरूर है	నాకు ఎవరి నె నా పర ో త స హి ంచడం ఇషటం ,
हे ल ॉर ब पर भ ु , बहुत मुशकिल है .	ఓ రి , దేవుడా , ఇది చాలా దారు ణం .
इससे बेहतर सं के त आपको नहीं मिल सकता .	నీకు ఇంత కంటే పెదద సం కే తం ఇం కే దీ రా కపో వచచు .
बु द ध ू .	స ననా సి .
जरू री कौ श ल सी खो गी .	నె పు ణ య ాలను నే ర పు తా యి .
सं भ लो !	చూ సుకో !
मैं दूसरे परा ण ि यों के सामने नहीं ब जा सकती .	నేను ఇ తరు ల మధయ అస స లు పె ర ఫా మ చేయ లేను .
हो सकता है कुछ परा ण ि यों के पास दिखा ने के लिए कोई हु नर ही न हो .	బహుశా కొ ంద రికి చూ ప టానికి ట య ాల ె ంట స అ ంట ూ ఏమీ ఉండ వు ఏ మో .
और अब आगे चीजें और अजीब होती जाएँ गी	ఈ జీవితం ఇక పె మరి ంత వి ంత గా మా రు తుంది అంతే
जब वे टर वह ऑ र डर यहाँ छोड जाए .	చె ఫ కి వి ని పి ంచే లా గ టటి గా చెపప డ మే .
तुमहें यह काम खतम करना है या नहीं ?	నీకు ఈ పని చేయ ాలని ఉందా లేదా ?
हमें इस तार के साथ इसके स रो त तक जाना चाहिए .	మనం ఈ లెన ఎ కకడి నుండి వ సతు ందో చూడ ాలి .
और मेरे सामने भी , दोसत .	అలాగే నా కోసం కూడా , మి తర మా .
मैं यह नहीं कर सकता .	నేను ఇది చేయ లేను .
मैं यह नहीं कर सकती .	నేను ఇది చేయ లేను .
मैंने अपने सा थी और अपनी सं ता न को नि रा श किया और अब तुमहें भी .	నేను నా భా గ సవా మి ని అలాగే నా బి డ డ ను ని రా శ పరి చా ను , ఇపపుడు మిమమలని కూడా .
मुझे तो लगता है मैं सिरफ के यर फु ल ना ओ में काम करने के लिए तैयार हुई हूँ .	నా కె తే కే ర ఫ ు ల నవ లో పని చేయ డానికి మాతరమే సిదధ ంగా ఉనన టటు ఉంది .
खा ने के नि शा नों पर धयान दो . पा नी डा लो .	మి గి లి న ఆ హా రం మీద ద ృష టి పెటట ండి . బాగా క డ గ ండి .
पता नहीं मैं और कितना स ह न कर सकता हूँ .	నేను ఇం కె ంత హ యా ండి ల చేయ గల నో నాకు తెలీ డం లేదు .
मैं इससे जयादा कभी नहीं ड रा पर फिर भी मैं बेहद जी व ंत महसूस कर रहा हूँ .	నేను ము ంద ె పపుడ ూ ఇంత గా భయ పడి ంది లేదు , కానీ ఇంత గా ఉ త సా హం కూడా ము ంద ె పపుడ ూ ఫీ ల అవ వ లేదు .
यह है ऑ र ब नाम क हमारा ग रह थोडा सा एक ओर झ ु का हुआ है	ఇ దు గో ండి మా పరపంచ ం ఇది కా సత వం పు గా ఉంటుంది
वाह ! यह तो एक ध ु न है .	వా వ ! ఎంత మా ధ ు రయ మెన రా గ మో .
मुझे तो यह पया रा लगा .	నా కె తే ఇది అంద ంగా నే ఉంది .
और जब मैं रे त में द बा हुआ तुमहारा गा ना सुन रहा था ,	అలాగే నేను ఇ సు క లో క పప బడి మీ పా ట వి ంటు ండ గా ,
इसमें तो कोई ग ड ब ड नहीं हो सकती .	ఇ ందు లో తపపు లు చేయ డానికి అవకా శ మే లేదు .
तुमहें कुछ जरू री कौ श ल सि खा कर मैं आज रात सट े ज पर पर दर शन करने के लिए	మీకు అవ సర మెన కొనని నె పు ణ య ాల కు ప దు ను పె టటి ఇ వాళ రాతరి సట ే జి మీద పె ర ఫా మ చేయ డానికి
कया तुम एक पे शे वर सं गी त कार हो ?	మీరు పర ొ ఫె షన ల మ యు జి షి య నా ?
यह काफी डा ँ वा डो ल सा लग रहा है .	చూ సతు ంటే పరమా ద కర ంగా ఉంది .
मेरे पास एक ऑ र डर है . . .	నా దగగర ఒక ఆర డ ర . . .
- तुमने कर लिया ! - तुमने मुझे बचा लिया . आ भा र .	- నువవు సా ధి ంచా వు ! - నువవు ననను కా పా డా వు . చాలా సంతోష ం .
और मुझे लगता है मुझे उनकी इ चछ ा पूरी करने के लिए	నాకు ఎలా అనిపి సతోంది అంటే నేను వారి కోసం
उनहें मैं पसंद आया ! वे ख डे हो कर अपने हाथ पी ट रहे हैं .	వీ ళళ కు నేను బాగా న చ చేశా ను ! అందరూ ని ల బడి నాకు చ పప టలు కొ డు తుననారు .
नहीं . मेरे सा थी ने भी बिलकुल यही किया होता .	లేదు . నా భా గ సవా మి కూడా సరి గగా ఇదే పని చేసి ఉండే వారు .
उ फ . मुझे यह सुन कर अफ सो स हुआ .	అమమ ో . ఆ మాట విన డం నాకు బాధ గా ఉంది .
अब यह कैसे होंगे ?	అలా ఎలా సా ధ యం ?
सच में , है ना ?	నిజ మే , అవును కదా ?
पर मैं मान सकता हूँ कि कभी - कभी मैं खुद को अपनी भा वना ओं के बारे में झ ु ठ ला ता हूँ .	కానీ కొనని సా రలు ననను నేనే నా ఫీ లి ంగ స విషయం లో మో సం చేసు కు ంటు ంటా ను .
हमें बस इतना पता है हम जी वि त हैं	మనం పరా ణ ాల తో ఉననా మని మాతరమే మనకు తెలుసు
आ ख िर कार तो उसे ठीक करना ही होगा .	అంటే , దానిని ఎలా గు బాగు చేయ ాల సి ందే కదా .
इस सं करे रा स ते से नीचे उ तर ने के लिए	మనం ఈ కింద కు సరి గగా ది గ ాలి అంటే
- ल ॉर ब पर भ ु . मैं ऐसे काम नहीं कर सकती . - हमेशा मुशकिल होता है .	- ఓ రి లా ర బ . ఇలా అయితే నేను పని చేయ లేను . - ఎపపుడూ సమ స యే .
दरअसल , मैं तुमहारी इ कल ौ ती जी वन दा ता हूँ .	అంటే , నీకు ఉనన ఒక ే ఒకక పరా ణ దా తను నేనే కదా .
मुझे पता है मैं कई बार जयादा जो र डाल दे ता हूँ पर अगर मौ का मिले	నేను కొంచెం దు రు సు గా ఉనన టటు కనిపి సతా నని తెలుసు , కానీ నాకు ఒక అవకా శం ఇ సతే ,
- तुम आ रहे हो ? - मुझे जि ज ञ ा सा तो हो रही है .	- నువవు వ సతుననా వా ? - నాకు ఆ స కతి గా ఉంది .
के यर फु ल ना ओ	కే ర ఫ ు ల నవ
वैसे मुझे एक टे लै ंट शो में अपना हु नर दिखा ने का नि म ं तर ण तो मिला है .	నాకు ఒక ట య ాల ె ంట ష ో లో పాల గొ న మని ఒక ఆ హ వా నం కూడా వచచింది .
न म कीन है .	ఉ పప గా ఉంది .
अब तुमहारी बा री , दोसत .	ఇక మీ వం తు , ఫ రెండ .
मुझे बहुत खुशी हो रही है , आपके का नों और आपके ख ून के प ं प ों या नि दिल ों से	మీ చె వు లకు , మీ హ ృ దయ ాల కు నా ఫ రెండ కి ఉనన మ యూ జి కల ట య ాల ె ంట ని
यह खतम होने जैसा लग रहा है .	నాకు చచ చి పో వాలని ఉంది .
बीच पर रे त में छु पा हुआ कोई परा ण ी पर कट हुआ और उसने मुझे यह पक डा या .	బీ చ లో ఒక వయకతి ఇ సు క లో దొ రలు తూ బయటకు వచచి నాకు ఇ చచా రు .
सच में ? अ ँ ह - अ ँ ह .	నిజంగా ? ఆ బ బె .
और हमें मदद की जरूरत थी ,	మిమమలని మో సం చేయ దల చు కో లేదు ,
पर मैं तुमहें बता ऊँगा नहीं कि किस ने कया ऑ र डर किया था ,	కానీ , ఎవరు ఏం ఆర డ ర చేశా రో నేను మీకు చెపప ను ,
कोई चिंता की बात नहीं . मेरे घर में र खा बै क अप जे न रे टर चला ल ेंगे .	ఏం పర లేదు . నా ఇంట లో ఉనన బ యా క ప జ న రే టర ని ఆన చేయ ొ చచు .
मुझे सच में ध के ले जाने की जरूरत है , है ना ?	నాకు నిజంగా నే పర ో త సా హం అవసరం , కదా ?
- हमें तुमसे पयार है ! - यह कितना बढिया था .	- మాకు నువవు న చ చేశా వు ! - భలే ఉంది .
दिल च सप नाम है , पर मुझे यह सं बं धि त लगा .	భలే పేరు , కానీ దానికి ఉనన సా పే కష త నాకు న చచి ంది .
मैं सही था . मैं अभी लग भ ग खतम ही हो गया था .	నేను అను కునన దే క రె క టు . నేను దా దా పు గా చచ చి న ంత ప నె ంది .
यह काम थोडा मुशकिल लग रहा है . पर मैं कोशिश कर ूँगी .	అది . . . అది కొంచెం కష ట ంగా ఉండే లా ఉంది . కానీ నేను ట రె చేసతాను .
मैंने अपने जी वन में बहुत कुछ देखा है	నేను నా జీవితం లో ఎ నన ో చూశా ను ,
वह तो है . पर हमें कितना कुछ मिल रहा है . जैसे यह न क शा .	నిజ మే . కానీ మనం ఎ నన ో కొతత వాటి ని కను గొ ంటుననా ం . ఈ మయా ప లాంటి వాటి ని .
चा वल	పి ండి
चलो , यहाँ से निकल ें .	ఇ కకడి నుండి బయట పడ దాం ప దా .
कैसे ?	ఎలా ?
मैंने वै सा पहले कभी महसूस नहीं किया .	నేను అలా ంటి ఫీ లి ంగ ని ము ంద ె నన డ ూ అను భ వి ంచ లేదు .
- मैं वह नहीं कर ूँगी . - खैर , कोशिश करना मेरा फर ज था .	- నేను చేయ ను . - సరే , ఏదో ఒక రా యి వే శా ను .
कया ?	ఏంటి ?
या तो तुम मिल कर काम करो या कहीं और जाकर काम करो .	ఇపపుడు మీరు కలిసి పని చేయాలి లేదా వే ర ొక చో ట పని వె తు క కో ండి .
तुम बीच पर सं गी त कयों ब जा रही हो ?	మీరు బీ చ లో ఎందుకు సంగ ీ తం వా యి సతుననారు ?
पर दर श कों के सामने पर दर शन करने से और ए ह सा स जन म ले सकते हैं ,	కానీ ఒక భా రీ ఆ డి య నస ముందు పె ర ఫా మ చేయడం అంటే అనే క ఇ తర ఫీ లి ంగ స బయటకు వ సతా యి .
मैं ऐसी कुछ जग हों पर ही आ राम से ब जा पा ती हूँ	నాకు ఇ తరు ల మధయ పె ర ఫా మ చేయడం చే త కాదు
सबसे पहले , इन प ले ट ों पर पा नी की धा र मार कर इन हें बिलकुल साफ कर दो . कुछ भी लगा न रहे .	ముందు గా , ఈ ప లే టలు అనని ంటి నీ శు భ ర ంగా క డ గ ాలి . ఎలా ంటి మర కలు ఉండ కూడదు .
इसे वहाँ लगा ओ . यह गलत है . इसे ठीक करो और वह भी गलत है .	ఇది ఇకకడ పెటట ాలి . ఇది తపపు గా ఉంది . ఇపపుడు సరి చేసి , అలా పె డి తే తపపు .
उप - शी र ष क अनु वाद क : म ृ ण ा ल	స బ టె టి లస అ నువ ది ంచింది : జో సె ఫ
हमें उनहें दोबारा जो ड ने का तरी का ढूँढ ना होगा .	వాటి ని తిరిగి త గి లి ంచ డానికి మనం ఒక మార గా నని కను గొ నా లి .
हे मेरे ल ॉर ब पर भ ु , ये कि तने सु ंदर हैं .	దేవుడా , ఇ వి భలే అంద ంగా ఉననాయి .
मैं अपनी पै र ों की न लिया ँ सिरफ अपने जी वन के वि शे ष परा ण ि यों के लिए उ तार ती हूँ .	నేను నా ష ూ స ని నా జీవితం లో ఉనన పర త యే క మెన వారి కో స మే తీ సతాను .
मैंने सभी यु वा परा ण ि यों को रु ला दिया था .	నేను పిలల లు అందరూ ఏ డ చే లా చేశా ను .
आ शा है वह मु फ त का ना श ता यह शो बर बाद करने के ला य क था .	నీకు ఫ రీ టి ఫి న పె డు తునన కారణ ంగా కార య కర మా నని పా డు చేసా వు అనన మాట .
तो यह लो , आ शा है तुमहें पसंद आए गा	అవును , ఇ దు గో ండి , మీకు న చచ ాలని కో రు కుంటుననా
एक और अ ँ धे रा ग ड ढ ा .	ఇం కొ క చ ీ క టి మ య మెన చ ీ లి క .
हो सकता है . पर तुमहारे पास अगर कोई हु नर है तो वह बै नर बना ना तो बिलकुल नहीं है .	కా వచచు . నీకు ఏ ట య ాల ె ంట ఉననా అది మా తరం బ యా న రలు చేయడం అయ యు ండ దు .
मुझे लगा मैं ह वा में उ ड ता हुआ एक पत ता हूँ जो रात के अं धे रे में धी रे से ना च ता जा रहा है .	నాకు రాతరి ప ూ ట గ ాలి లో తే లు తూ మె లలి గా డా నస వే సతునన ఆ కు లా గ అనిపి ంచింది .
मुझे कभी - कभी लगता है कि मैं बस एक ही ध ु न में भाग ती च ली जा रही हूँ	కొనని సా రలు నేను ఏదో ఆ టో మే టి క గా న డ వడానికి సె ట చేసిన టటు బర తు కు తూ నా స ొ ంత నిరణ య ాలు
इस जगह पर इतने अ ँ धे रे ग ड ढ े से कयों हैं ?	అసలు ఈ పర దేశం లో ఇ నని చ ీ క టి స ొ రం గ ాలు ఎందుకు ఉననాయి ?
हर साल मुझे कुछ ऐसा नजर आता है जो मैंने पहले कभी नहीं देखा .	పర తీ ఏ డా ది , నేను ము ంద ె నన డ ూ చూడ ని ది చూ సతు ంటా ను .
हम सभी को कभी - कभी उसकी जरूरत पड ती है . चलो , शुरू करें .	మన అంద రికీ ఒకక ొ కక సారి పర ో త సా హం అవసరం అవు తుంది . ఇక మొద లు పె డ దాం పద ండి .
शान दार .	భలే ఉంది .
मेरी सं ता न इतनी उ त सा हि त थी ,	నా బి డ డ చాలా ఉ త సా హ పడి
वा कई . हम पहुँच ने ही वाले हैं . चलो , चल ते र हें .	నిజ మే . మనం దా దా పు గా ఇంటికి చే రు కునన టటే . ము ందుకు వెళ దాం పద .
मैं भी . यह उप कर ण तो ठीक लग रहा है .	నాకు కూడా . ఈ పరి క రం బా నే పని చే సతునన టటు ఉంది .
मैं कुछ सि खा ने की कोशिश कर रही थी .	నేను వా రికి కొతత విషయ ాలు నే ర ప ాలి అను కుననాను .
आ ख िर कार मदद करने के लिए आ भा र .	చి వ రికి సా య పడు తునన ందుకు చాలా సంతోష ం .
अचछा , मेरे पास हैं ते ज आ ँच में सि ं के हुए आ लू जयादा आ ँच पर	సరే , నా దగగర బాగా కర కర లా డే ఫ రె ంచ ఫ రె స ఉననాయి
कि हम में से हर कोई एक - दूसरे से कितना अलग है .	మనం ఒక రి తో ఒక రి ని పో ల చి తే మనం ఎంత వి భి నన మెన వార మ నన విషయ మే .
आपके पास बै क अप जे न रे टर है ? तो उनहें मु ख य सर कि ट ठीक करने कयों भे जा ?	మీ దగగర బ యా క ప జ న రే టర ఉందా ? మరి మె యి న సర క యూ ట ని బాగు చేయ డానికి వారి ని ఎందుకు పం పా రు ?
बाकी ब ची हुई तार ें कैसे जो ड ें ?	మరి మి గి లి న చి వరి వాటి ని త గి లి ంచడం ఎలా ?
कोई बात नहीं .	ఏం పర లేదు .
क माल है हम कितनी दूर आ गए हैं .	మనం ఎంత దూ రం వచచా మో తల చు కు ంటే భలే ఉంది .
कितना छो टा है , पर कितना भा री है . वि चि तर है .	చినన గా ఉననా చాలా బ రు వు ఉంది . భలే .
पता लग जाएगा .	ఏమ వు తు ందో చూ దదాం .
हाँ . चलो , परा ण ि यों को सट े ज पर अजीब चीजें करते देख कर	సరే . మనం చేసిన సా హ సా నని ఎ ం జా య చేయ డానికి
और यह जयादा समय के लिए नहीं होगा तो अचछा होगा हम पै र ों में न लिया ँ डाल लें	అది ఎ ంతో కాల ం ఉండ దు కాబటటి ఈ పరప ంచా నని తిరిగి చూ సతే మంచిది
मैंने " जी व दूसरे जी व ों को खा ते हैं जो दूसरे जी व ों को खा ते हैं " गा ना गा या था .	నేను " జీ వు లను తి నే జీ వు లను తి ంటు నన జీ వు లు " అనే పా ట పా డా ను .
आज कल मुझे उनकी बहुत याद आ रही है	నేను ఈ మధయ వారి గురించి బాగా ఆలోచి సతుననాను
मुझे मत बताओ मैं अपने रे स तो रा ं की सट े ज की ला इट ों को कैसे लगा ऊँ .	నా రె సటా రె ంట లె టలు ఎలా మే నే జ చేయ ాలో నా కే చెపప కు .
सच है . कई पी ढ ि यों के द ौ रा न वि का स करते हुए परा ण ी दूसरे परा ण ि यों से ई मान दा री से पे श आने को	నిజ మే . అనే క తర ాలు గా మను ష ు లు ఇ తరు లతో నిజ ా యి తీ గా ఉండ డం కోసం తమ తో తా మే
मेरी अस फ ल ता का कारण तुमहारे द या ल ु और अजीब सि खा ने के तरी के नहीं हैं .	నా వె ఫ ల యా నికి మీ అస హ జ మెన బో ధ నా వి ధా నాలు కారణ ం కాదు .
मुझे रे त का भा र बहुत सु कू न दे ता है .	నా మీద ఇ సు క బ రు వు ఉనన పపుడు భలే హా యి గా ఉంటుంది .
वह शायद इसलिए कयोंकि हम लग भ ग कु चले गए थे ,	మనం దా దా పు గా చచ చి బర తి కి న ందుకు ఇలా అనిపి సతుంది ఏ మో ,
उनके लिए एक अ लौ कि क खुशी की संभा वना इंतजार करती है .	ఒక మా న వా తీ త మెన ఆన ంద ం ఎదు రు చూ సతు ంటుంది .
नहीं तो हम खतम हो जाएँगे .	లేదా మనం చచ చి పో తా ం .
सट े ज पर जाने का रो मा ं च	పె ర ఫా ర మన స అదభు తంగా ఉండ బో తోంది
कया तुम आज शा म कोई छु पा हु नर दिखा ओ गे ?	ఇ వాళ రాతరి మీకు ఉనన ర హ సయ ట య ాల ె ంట స ఏమెనా చూ పు తా రా ?
या बु री तरह अस फ ल हो सकता है .	లేదా భ యం కర మెన వె ఫ ల యం .
हर परि कर मा में मेरा ल कष य होता है	పర తీ ఏ డా ది ఒక కొతత వయకతి
बेशक देखा होगा .	నువవు చూ సే ఉంటా వు లే .
पर तुम यह कर लो गी .	కానీ మీరు ఈ పని చేయ గల రు .
तुम और मैं . हम यह कर ल ेंगे .	నువవు ఇంకా నేను . మనం ఈ పని ని చేయ గల ం .
जब से मेरा सा थी मुझसे बि छ डा मुझे लगा मेरे सं गी त के दिन खतम हुए	నా భా గ సవా మి ని నేను కో ల పోయి న పపటి నుండి నేను సంగ ీ తం వా యి ంచే రోజు లు ము గి సా యి అను కుననా
और अपनी बा ँ हें मेरी बा ँ हों में फ ँ सा लो .	నీ చే తు లను నా చే తు లతో పె న వే య .
तुमहारा ह ौ सला बढ ा रहा हूँ .	మీకు అవ సర మెన పర ో త సా హా నని ఇ సతుననాను .
अचछा , देखो , मैं तुमसे छ ल कर ूँगा अगर न बता ऊँ कि हमारे पास आज स टा फ की कमी थी	సరే , ఇలా చూడ ండి , ఇ వాళ ఇకకడ పని వాళళు త కకువ ఉండ డం వలల నాకు కూడా కొంచెం సహా యం అవసరం అయి ందని చెపప కుండా
यह तो सच है . मैं तुमहें कहीं और लग वा सकता हूँ .	అది నిజ మే . నీకు బ దు లు నేను వే ర ొ కరి ని ఏ కష ణ మెనా తె పప ి ంచుకో గలను .
कया करने का सोच रहे हो ?	మీ మన సు లో ఏ ము ంది ?
पर शायद तार ों को पक ड कर मैं नहीं च ढ पा ऊँ गी .	కానీ వె రలు పటటు కొ ని ఎ కక డం కష టం .
पर खुद से सच बोल ना हमें मुशकिल लगता है .	మన తో మనం నిజ ా యి తీ గా ఉండ డం నే ర పి ంచ కపో వడం నవ వు వ సతోంది .
थोडा जयादा पा नी डाल दिया .	నీ ళలు స పరే చేయడం కొంచెం ఎ కకు వె ంది .
- मुझे लगा मैं उनहें खुश कर पा ऊँ गी . - लगता है बहुत समझ दार सा थी थे .	- నేను ఇ తరు లను సంతోష పెటట గలను అను కుననా రు . - విన డానికి చాలా తెలి వెన భా గ సవా మి లా ఉననారు .
बातें कम , ध ु ला ई जयादा .	మాటలాడ డం ఆ పి క డ గ డం మొద లె టట ండి .
वह मेरे लिए है .	అది నా కోసం .
नहीं . कया तुम मुझे ड रा ने के लिए बस इंतजार कर रहे थे ?	కాదు . మీరు ననను భయ పెటట ాలని దా క కుననా రా ?
यह इतनी जि दद कयों करते हैं कि परा ण ी अपने हु नर सब को दिखा एँ ?	అందరూ వారి వారి ట య ాల ె ంట స చూపి ంచ ాలని ఆ వయకతి ఎందుకు అంత మొ ండి పటటు పడు తుననారు ?
धयान दो .	ఫో కస . ఫో కస .
अब तुम तैयार हो .	ఇపపుడు సిదధ ంగా ఉననారు .
मैं कह ती हूँ तुम छ ल कर रहे हो . तुमहें डर लग रहा है .	నేను అస స లు నమమ ను . నువవు భయ పడు తుననావు .
मेरी न य ी दोसत के सं गी त के हु नर का परि च य करवा ते हुए .	పరి చ యం చేయడం నాకు చాలా సంతోష ంగా ఉంది .
पता नहीं , मुझे समझ नहीं आया	ఏ మో , నాకు కూడా తెలీదు
तुमहें सच में लगता है मैं शो में पर दर शन कर सकती हूँ ?	నేను నిజంగా ష ో లో పె ర ఫా మ చేయ గలను అనుకుంటుననా రా ?
मुझे तो इस कम रे के बारे में पता भी नहीं था .	ఈ రూ మ ఉ ందని నాకు తెలీ నే తెలీదు .
यह टे ढ ी - मे ढ ी इ ध र लगे गी .	ఈ వం పు లు ఉనన దానిని ఇకకడ పెటట ాలి .
लगता है तुमने अचछा पर दर शन नहीं किया था ?	కానీ మీరు బాగా వా యి ంచ లేదు కదా ?
माफ ी चाहता हूँ मैंने तुम पर पर दर शन करने के लिए जो र डा ला .	పె ర ఫా మ చేయ మని ఒ తతి డి చేసిన ందుకు కషమించు .
तुमहें स द मा तो नहीं लग गया ?	నువవు షా క లో ఉననా వా ?
अगर तुमने ऐसे किया तो बि ज ली की पूरी पर ण ा ली पर बहुत भा र डाल दो गी .	నువవు అలా చే సతే మొతత ం సర క యూ ట ఓ వర లో డ అయి పో తుంది .
लगता है हमें आगे बढ ने के लिए न ई तरह के रा स ते पर चल ने की कोशिश करनी होगी .	అయితే గో డ లు అనే వి నిజంగా నే మనం న డి చే ఫ లో రలు అనన మాట .
बा ह री - श ून य ता के परा ण ी वा सत व में हैं , इसका कोई सब ूत नहीं है .	గర హా ంత ర వా సు లు ఉననారు అని ఎలా ంటి ఆ ధా రం లేదు .
इसकी बरा ब री करना मुशकिल है .	దానని మి ంచడం కష ట మే .
मैंने इसे कुछ ब लू परि ंट पर देखा हुआ है .	నేను ఇంత కు ముందు కొనని బ లూ పరి ంట ల మీద దీని ని చూశా ను .
. . . अ त य धि क अ ति आत म विश वास . . .	. . . అ తి వి శ వా సం . . .
पै र ज मा कर रख ो .	గ టటి గా ఒ తతి డి పెటటు .
हो सकता है . पर शायद मुझे बाहर निकल ने का रा सता मिल गया है . मेरे पीछे आओ .	కా వచచు . కానీ నేను బయటకు దా రి కని పెటటా ను . ననను ఫ ాలో అవ వు .
कया भूल गए कि तुमहारी मदद के कारण हम इस स थि ति में फ ँ से हैं ?	అసలు ముందు నువవు సాయం చేయ డానికి పరయతని ంచడం వల లే ఇలా జరిగి ందని నీకు మళళీ గురతు చేయ ాలా ?
मुझे कोई चिंता नहीं थी .	నా కే ం చి ంత లేదు .
कहीं इसमें स ॉ स तो नहीं ?	దీని లో సా స ఉందా ?
. . . और शर मी ला प न .	. . . అలాగే సి గ గు లాంటి వి .
वह हमेशा यही चाहते थे . मैं जानता हूँ वह चा हें गे कि आप फिर से कोशिश करो .	నువవు ఆ పని చేయడం వా రికి మొదటి నుండి తీ రని కో రిక . నువవు మళళీ పె ర ఫా మ చేయ ాలని వారు ఖచచితంగా ఆ శి సతారు .
और अगर नहीं भी कर पा ई ं , तो ऐसा तो है नहीं कि तुम यहाँ किसी को नि रा श करो गी .	అలాగే బాగా వా యి ంచ లేక పోయి నా , ని రా శ పడ ే వారు ఎవరూ లే రు .
मैं कोई रा य नहीं बना ऊँगा .	నేనే ం మిమమలని తపపు బ టట డం లేదు .
और इसी ब हा ने वह साथ मिल कर काम करना सी ख जाएँगे .	అలాగే వారు కలిసి పని చేయడం గురించి తెలుసు కో వడానికి ఇది మంచి అవకా శం .
जैसे किसी बा ह री - श ून य ता के परा ण ि यों का ?	నీ ఉదదేశం గర హా ంత ర వా సు ల నా ?
अजीब है , कैसे हमें सि खा या जाता है कि हम दूसरे परा ण ि यों के साथ खु ल कर बात करें	చినన పపుడు మనకు ఇ తరు లను అరథం చేసుకో వాలని నే ర పి ంచారు కానీ
तुमहें सा री मे ज ों पर क प डा मार ना होगा और फिर श ौ चा ल य साफ करने होंगे .	టే బు లస అన నీ ఖ ా ళ ీ చేసి టా యి లె టలు శు భ రం చేయాలి .
अपने मन की उस आवा ज को मत सुनो .	నీ బు ర ర లో వి ని ప ంచే ఆ స వ రా నని ప టటి ంచుకో కు .
लगता है कुछ तार ें इस ए का श म पर ब ने	చూ సతు ంటే శి లలో ఉనన పో ర ట ల నుండి కొనని క నె కష నలు
आ शा है , वह दि शा इस चो टी से नीचे की ओर नहीं है .	అది ఈ శి ఖ రం నుండి కింద కి కా కూడ దని నా ఆ శ .
कोशिश करो तो आगे बढ ने के रा स ते मिल ही जाते हैं .	గో డ లు అనే వి మనం న డ వడం నే రచు కో వాల సిన ఫ లో రలు లాంటి వి మాతరమే .
और एक चीज है जो मुझे हमेशा है रा न करती है .	కానీ ఒకక విషయం మా తరం ననను నిర ంత రం ఆ శ చ ర యా నికి గురి చే సతు ంటుంది .
क दम बढ ा ओ .	అడుగు .
माफ ी चाहती हूँ .	కషమి ంచండి .
हाँ .	సిదధ ం .
मुझे आप पर गर व है .	నినను చూ సతు ంటే గర వ ంగా ఉంది .
मैंने अपनी सं ता न की कला स के सामने पर दर शन करके उनकी इ चछ ा का सम मान करने की कोशिश की .	వారి కో రిక ను నిజం చేయ ాలని నేను మా బి డ డ క లా సు లో పె ర ఫా మ చేశా ను .
नहीं . ग ड ढ े का रह स य मुझे उ द देश य दे ता है .	వదదు . ఈ లో య లలో ఉనన మి సట రీ నా జీవి తా నికి ఒక అరథ ా నని ఇ సతోంది .
वा कई शान दार हैं , पर पत थ र ों की ता री फ करते रह ने से हम के यर फु ल ना ओ में जलदी नहीं पहुँच जाएँगे .	నిజ మే , కానీ రా ళ లను చూ సి ము రి సి పో తే కే ర ఫ ు ల నవ కి తవర గా క రె ంటు అంద దు .
पर जो उस खत रे को नजर अं दा ज करके	కానీ ఆ రి స క ని స హి ంచి , సట ే జి మీద తమ అసలు త నా నని
इसे समझ ना मुशकिल है .	చాలా క థ ఉంది .
ते ज आ ँच में सि ं के हुए आ लू . जयादा आ ँच ?	ఫ రె ంచ ఫ రె స . బాగా వే డి గా ?
काफी संभा वना है , पर हमें यह करना ही होगा .	ఉండ ొ చచు , కానీ వే రే దా రి లేదు .
तुमने पहले कभी ऐसा कुछ देखा है ?	నువవు ఇంత కు ముందు ఎపపుడ ెనా ఇలా ంటి దానిని చూశా వా ?
सट े ज पर अपनी सं वे द न शी ल ता दिखा ने को तैयार हैं ,	చూ ప డానికి ధ ె ర యం చె సే వారి కోసం
यह किसी म शी न की आवा ज तो नहीं थी , है ना ?	అది మె షి న శ బ ద ం కాదు , కదా ?
आ शा है तुम समझ रही हो .	మీరు ఇది అరథం చేసు కుంటా రని నా ఆ శ .
हमें अपने फा लत ू के हु नर दिखा एँ	మీ ట య ాల ె ంట చూ ప ండి అ మి త మెన ట య ాల ె ంట స కార య కర మ ం
अपने - अपने पो रट से निकल गई हैं .	తీ సి వే య బడ డ టటు ఉంది .
खुशी और ग म , साह स और डर	సంతోష ం ఇంకా వి చా రం , ధ ె ర యం అలాగే భ యం
मेरी इ चछ ा हुई कि उस ए ह सा स को एक बो त ल में बंद कर ल ूँ	ఆ ఫీ లి ంగ ని ఒక బా టి ల లో పటటు కు ని
चल ें ?	వెళ దా మా ?
वह चाहते थे कि मैं अपना हु नर दूसरे परा ण ि यों को दिखा ऊँ .	వారు కూడా నేను నా ట య ాల ె ంట ని ఇ తరు ల ముందు చూపి ంచ ాలని కో రు కుననా రు .
मैंने दो बार देखा था , बिलकुल स ॉ स नहीं है	నేను మళళీ చె క చేశా , ఏం లేదు
न ू ड ल स का ढ े र पर त ों के साथ	ఒక ల సా నయా ప లే టు
और ऊँ चा बो लो .	మంచి ఎ ఫె క ట తో చెపప ండి .
टे लै ंट शो !	ట య ాల ె ంట కార య కర మ ం !
ठीक है .	సరే .
वाह !	అదభు తం !
और अभी भी वै सा ही है कयोंकि लगता है अब हम उस रा स ते से वापस नहीं जा सकते .	అలాగే మనం ఇపపుడు వెన కకు వెళల లే ం అను కు ంట .
मुझे पता है तुम तैयार हो .	మీరు సిదధ ంగా ఉననా రని నాకు తెలుసు .
मुझे अपनी पै र ों की न लिया ँ दो .	నీ సా క సు లు ఇవ వు .
पर उसने उनके दिल को छ ू कर उनहें रु ला तो दिया .	కానీ వాళళు ఏ డ చే లా చేశారు కదా .
मुझे भी नहीं आ रहा .	నాకు కూడా .
मेरी पै र ों की न लिया ँ !	నా సా క సు లు !
मैंने अभी तक सोचा नहीं .	ఇంకా తెలీదు .
- अचछा , एक , दो , तीन , चलो ! - रुको . मैंने हाँ नहीं कहा !	- సరే , ఒకటి , రెండు , మూ డు , ప దా ! - ఆగు . నేను దీ నికి ఇంకా ఒ పపు కో లేదు !
मेरा वि चार है कि वे हैं .	నే నె తే వాళళు ఉననా ర నే అనుకుంటా .
इससे बेहतर कर सकती थी .	ఇంకా బాగా శు భ రం చేయ ొ చచు కూడా .
शर मि ंदा होना स फ ल ता की एक आ धा र शि ला है .	వి జ యానని కూడ గ టటు కో వాలి అంటే ఇలా ంటి సి గ గు తో కూ డి న స ంద ర భ ాలను ఎదు ర కో వాల సి ందే .
तुम हो .	నీకు అది తెలుసు .
सब कुछ !	చాలా సంబం ధం ఉంది !
चा हो तो मैं तुमहारी गि टा र का स वाद च ख सकती हूँ ?	మీ గి టా ర ని రు చి చూడ మ ంటా రా ?
तुमहारे लिए ? शुकर है ल ॉर ब पर भ ु का .	అవునా ? హ మమ యయ .
ने थ न ड बल यू पा इ ल की पु स तक श ृ ं ख ला पर आ धा रि त	నే థ న డబ ల యూ పె ల రా సిన పు సత క సి రీ స ఆ ధా ర ంగా రూ పొ ంది ంచ బడి ంది
