Hindi	Telugu	Similarity_Score
मैं एक ख तर ना क परा ण ी हूँ	నేను పరమా ద కర మెన వయకతి ని	0.5366
ऐसे चु ट कु ले सुना देना .	ఇలా ంటి జో కు లే చెపప ండి .	0.5613
यह लगा तार सा बि त करने की कोशिश करते रह ते हैं कि मैं बा जी गर हूँ .	నేను జ గ లి ంగ చేయ గలను అని ని రూ పి ంచ డానికి ఆ గ కుండా పరయతని సతుననారు .	0.5971
- देखा ? - लग भ ग कर ही लिया था .	- చూశా వా ? - కొంచ ె ంలో పడ ే సా వు .	0.5488
अब आ ख िर कार मेरा काम खतम हुआ !	ఇక నేను చి వ రికి అన నీ ఇ చ చేసా !	0.5468
यह लो .	ఇ దు గో .	0.4225
नहीं .	లేదు .	0.3291
मुझे लगा था तुमहारा काम खत रे से बचा ना है .	నీ పని పరమా దానని తపప ి ంచడం అని అను కుననా నే .	0.5432
मैं सी ख रहा हूँ कि मेरे ध ं धे में थो डे खत रे उठा ना जरू री है .	నా పని లో కొ ంత పరమా ద ం ఉండ డం కూడా అవసరం అని నే రచు కుంటుననా ను .	0.6332
मेरा हु नर है , मैं किसी भी चीज का स वाद च ख सकती हूँ . मुझे कुछ च ख ने को दो .	నాకు దే ని నె నా రు చి చూ సే ట య ాల ె ంట ఉంది . నాకు రు చి చూడ డానికి ఏదెనా ఇవవ ండి .	0.6599
ओह , नहीं .	ఓహ , అయ యో .	0.5288
ओह , नहीं .	ఓహ , లేదు .	0.4901
- मैं सुन रही हूँ . - मेरी पी ठ के साथ पी ठ जो डो	- ఎలా గో చెపపు . - నీ వీ పు ను నా వీ పు కు ఆ ని ంచి	0.6457
उसने अपने सभी दोसत ों से कह दिया मैं बहुत अचछा पर दर शन कर ूँगी .	నేను ఎంత బాగా ప లే చేయ బో తుననా నో అంద రికీ చెపపి ర పప ి ంచా డు కూడా .	0.5872
मुझे नहीं लगता कोई भी और परा ण ी यह गा ना चु न ता .	వే రే ఎవరెనా సరే , అలా ంటి పా ట ను ఎ ంచు కొ ని ఉండ రు .	0.6123
तुम यह सा रा समय मेरे सामने ब जाती रही हो .	మీరు ఇంత సే ప ూ నా ముందు పె ర ఫా మ చేశారు కదా .	0.5916
जब भी तुम तैयार हो जाओ .	రె డీ గా ఉంటే మొద లె టట ండి .	0.4480
पर मुझे सच में लगता है कि इस पर शि कष ण ने तुमहें पर दर शन के लिए भी तैयार किया है .	కానీ ఈ ట రె ని ంగ మిమమలని మీ పె ర ఫా ర మన స కి సిదధ ం చేసి ందని మా తరం నాకు అనిపి సతోంది .	0.6337
सुनो , हम परा ण ि यों की अजीब खा ने की पसंद के बारे में कोई रा य नहीं बना ते .	హేయ , ఇ తరు లు తి న డానికి ఇష ట పడి ఇ చ చే ఆర డ ర లను మనం త కకువ చేసి మాటలాడ కూడదు .	0.6587
और तुमहारी भी , दूसरे परा ण ि यों के सामने अपना हु नर पे श करना चाहिए .	అలాగే నీ కోసం నేను ఇ తరు ల ముందు పె ర ఫా మ చేయాలి అనన టటు అనిపి సతోంది .	0.6295
माफ करना . इतनी नि रा शा भ री बात कह ने का मेरा इ रा दा नहीं था .	కషమించు . అది నేను అను కునన దాని క ననా బా ధా కర కంగా వి ని పి ంచింది .	0.5481
चिंता मत करो . मैं तुमहारी की हुई ग ड ब ड को ठीक कर दे ता हूँ .	ఏం చి ంతి ంచ కు . నువవు చేసిన ఈ రా దధ ా ంతా నని నేను సరి చేసతాను .	0.6126
- तुमने मेरी सला ह मान ली ! - कृपया , यह करना बंद करो .	- మీరు నా స ల హా తీసు కుననా రు ! - పలీజ , ఇలా చేయడం ఆ ప ండి !	0.6587
अचछा , यह मुझे भी समझ नहीं आया . पर तुमने अचछा बो ला .	సరే , ఇది నాకు కూడా తి క మ క గా ఉంది . కానీ బాగా చెపపా రు .	0.5790
शायद सिरफ त भी जब आपका साम ना खतम होने से हो रहा हो .	ఆ విషయం బహుశా చా వు కు దగగర గా వెళళి నపపుడు చూ దదాం లే .	0.6012
पता है , यहाँ कुछ परा ण ी मुझे गा इ ड कह कर बुला ते हैं .	ఒకటి చెపప నా , ఇకకడ ఉనన కొ ంద రు ననను గె డ అ ంటు ంటా రు .	0.6425
- मैं ठीक ही कर रहा था . - इस ने मेरी तार ें बदल दी ं .	- నేను చే సతునన ది అదే . - ఈ మనిషి వె రి ంగ మార చా రు .	0.6675
तुमहारा यह गा ना चु न ना तुमहें अन ू ठा बना ता है .	మీరు ఆ పా ట ను ఎ ంచుకో వడం మిమమలని స పె ష ల చేసి ంది .	0.5969
कभी - कभी मैं उन इ मा रत ों जि तना ही डा वा ँ डो ल महसूस करता हूँ जिन का मैं अ ध य यन करता हूँ .	కొనని సా రలు అ ధ యయ నం చే సతునన నిర మా ణ ాల లా గే నా జీవితం కూడా బ ల హ ీ న ంగా ఉనన టటు ఉంటుంది .	0.6622
ठीक है , तुम सही थे . यह बहुत ड रा वना है .	సరే , నువవు అనన దే నిజం . ఇది చాలా భ యం క రం .	0.6469
मैं समझ गई . तुमने मुझे दू सर ों को अपना हु नर दिखा ने की कष म ता के करी ब पहुँ चा या .	నేను అరథం చేసుకో గలను . అలా ప ంచుకో వడానికి నాకు సత తా రా వడం లో మీరు కొ ంత సా య పడ డా రు .	0.6665
मैंने कभी इतना जी व ंत महसूस नहीं किया .	నేను ము ంద ె పపుడ ూ ఇంత మ జా ఫీ ల అవ వ లేదు .	0.5728
मैं ऊँ चा ब जा रही हूँ ताकि तुम सुन पा ओ भी ड के सामने मुझे कोई डर नहीं लगता	నువవు వి నా లని నేను గ టటి గా వా యి సతుననాను ఈ జ నం ముందు నాకు ఎలా ంటి భ యం ఇక లేదు	0.6346
कभी - कभी मैं यहाँ दिन के समय आता हूँ	కొనని సా రలు నేను ప గ టి ప ూ ట ఇకకడికి వచచి	0.5438
तुम दोनों को यह तु र ंत ठीक करना होगा .	మీ ఇదద రూ ఈ తపపు ని వెంట నే సరి చేయాలి .	0.5751
दुनिया में न ई चीजें जान ने के लिए कितना कुछ है . अपने खुद के बारे में भी .	మనం ఇంకా చూడ ాల సింది ఎ ంతో ఉంది . మన గురించి మన మే తెలుసు కో వాల సింది కూడా .	0.6214
हैलो . मेरी पसंद ी दा जी वन दा ता आ गई ं .	హేయ . నాకు అత య ంత ఇష ట మెన నా పరా ణ దా తా .	0.6051
मेरा ख ून का प ं प इतनी ते ज चल रहा है .	నా గు ండ ె భలే వే గ ంగా కొ టటు కు ంట ో ంది .	0.5747
तुमहारी इ चछ ा एँ और जरूरत ें कया हैं ?	నీకు ఉనన ఇష ట ాలు అలాగే అవ సర ాలు ఏంటి ?	0.5926
और अपने खुद के फै स ले नहीं ले रही .	తీసుకో వడం లేదు అనన టటు అనిపి సతుంది .	0.5285
यह परा ण ि यों की बना ई म शी न जरूर इस शान दार ए का श म से ऊ र जा परि वर ति त करके	ఈ మా నవ స ృష టి అయి న మె షి న ఈ అంద మెన పెదద శి ల నుండి శ కతి ని బయటకు తీ సి	0.6494
उसे के यर फु ल ना ओ में भेज ती होगी .	దానిని కే ర ఫ ు ల నవ కి పం పు తోంది .	0.6444
किसी न किसी दिन तुम मान जाओ गे .	ఏద ొక రోజు మీ రే ఒ పపు కుంటా రు లే .	0.5162
तुम दोनों परति भा शा ली परा ण ी हो .	మీ ఇదద రికీ చాలా ట య ాల ె ంట ఉంది .	0.4922
किसी ने किया है ? कृपया , बताओ .	ఎవరెనా ఉననా రా ? దయచేసి చెపప ండి .	0.4818
माफ करना . मुझे इस जगह के बारे में तुमसे कहीं जयादा पता है .	కషమించు . కానీ ఈ పర దేశం గురించి నీ కంటే నాకు ఎకకువ తెలుసు .	0.6000
तो किसी परा ण ी को सही दि शा में ध के ल ना मुझे अचछा लगता है .	నేను ఒక వయకతి ని స రెన మా రగ ంలో న డి పి ంచ డానికి ఇష ట పడ తాను .	0.5941
दर श कों के सामने पर दर शन करना एक ऐसा भा वना त म क खत रा है जिस का अ ंत त बा ही हो सकता है .	ఆ డి య నస ముందు పర దర శి ంచడం అంటే ఊ హి ంచ ని దారు ణం జ రి గే అవకా శ ంతో మా న సి క రి స క తీసుకో వ డ మే .	0.6639
यह नि म ं तर ण मिला कहाँ से है ?	ఈ ఆ హ వా నం నీకు ఎలా అ ంది ంది ?	0.6239
अचछा है . मैं इस काम के खतम होने का इंतजार कर रही हूँ .	మంచిది . నాకు ఈ పని ని వీ లెన ంత తవర గా ము గి ంచ ాలని ఉంది .	0.6020
- चलो यह काम खतम करें . - यह जगह ब लू परि ंट में नहीं थी .	- వెళలి పని పూరతి చే దదాం ప దా . - ఇది బ లు పరి ంట లలో లేదు .	0.6336
हम इस ग ड ढ े को दोनों ओर ख डे होंगे और फिर अपनी पी ठ ों का स हा रा लेकर	మనం ఆ క నన ంలో కి ది గి , నె మమ ది గా ఒకక ొ కక అడుగు వే సు కు ంట ూ మన వీ పు ల పె	0.6755
यह जान ने से आता है कि आपका पर दर शन शान दार हो सकता है .	అని తెలి సి సట ే జి మీద కు వెళల బో యే ముందు వచచే ఆ థ రి ల .	0.6112
नहीं , मेरा मतलब , मैं . . .	కాదు , నా ఉదదేశం , నేను . . .	0.6246
वह नीचे उ तर ना उ तना ही ख तर ना क था जि तना मैंने सोचा था .	భలే , నేను అను కునన టటే ఆ ది గ డం చాలా పరమా ద కర ంగా ఉంది .	0.6161
मैं फिर से कोशिश करना चाहती हूँ . हर अस फ ल कोशिश के साथ यह और मुशकिल हो जाता है .	నాకు మళళీ ట రె చేయ ాలని ఉంది . కానీ వి ఫ ల మెన పర తీ సారి ఈ పని ఇంకా కష టం అవు తోంది .	0.6321
आ भा र . मुझे लगता है यह बे कार न क शा बाहर निकल ने का रा सता शायद इस तरफ दिखा ए गा .	చాలా సంతోష ం . ఈ ప నికి రా ని మయా ప మనం బయట పడ డానికి దా రి చూ పు తుంది అని అనిపి సతోంది .	0.6079
और यु वा परा ण ि यों को मुझे रे त में द बा ने दे ता हूँ .	పిలల లతో నా మీద ఇ సు క పోయి ంచు కు ని క పప ి పె టటి ంచు కుంటా .	0.6367
तुम बहुत बढिया कर रही हो .	నువవు భలే పని చేసతుననా వు .	0.4841
अ द भ ु त पर दर शन किया तुमने .	అదభు త మెన పె ర ఫా ర మన స , అ ండి .	0.6385
- धनयवाद . - यह शान दार था !	- థాంక స . - చాలా బాగుంది !	0.4954
हम यहाँ कया कर रहे हैं ?	మనం ఇకకడ ఏం చేసతుననా ం ?	0.5140
साथ ही , थोडा ऊँ चा बो लो .	అలాగే , గ టటి గా చెపప ండి .	0.4596
पर कभी - कभी शायद मैं जयादा जो र डाल दे ता हूँ .	కానీ ఒకక ొ కక సారి కొంచెం అ తి గా ఒ తతి డి చే సతు ంటా .	0.5560
मैं इसका स वाद च ख ूँगी .	నేను అవి రు చి చూ సతాను .	0.4967
अभी हम जो काम करेंगे , उनसे तुम भी ड के सामने पर दर शन करने के लिए	ఇపపుడు మీరు చేయ బో యే ఈ ప ను లు జ నం ముందు పర దర శి ంచ డానికి మీకు అవ సర మెన	0.6034
तो यह पता करने के लिए तुमहें उनहें ऑ र डर गा कर सुना ना होगा . एक तरह का पर दर शन समझ लो .	కాబటటి అది తెలుసు కో వడానికి మీరు వాళళ ఆర డ ర ని పా డి వి ని పి ంచాలి . ఒక చి నని పె ర ఫా ర మన స లా గ .	0.6028
उ नहीं भ ि न न ता ओं की खू बस ूर ती का ज शन मना ने के लिए मैं हर परि कर मा के द ौ रा न यह शो रख ता हूँ .	నేను ఈ భి నన త వాల ను వే డు క గా జ రు పు కో వడానికి పర తీ ఏ డా ది ఈ కార య కర మా నని ఏ ర పాటు చే సతు ంటా .	0.7119
तना व होते हुए भी गा ने के बारे में मेरा आत म विश वास थोडा बढ ा तो है .	ఒ తతి డి లో ఉనన పపుడు పా డ టానికి నాకు కొంచెం ఆ తమ వి శ వా సం వచచి న టటే ఉంది .	0.6317
मुझे समझ नहीं आ रहा .	నాకు అరథం కా వడం లేదు .	0.4850
वह सच में समझ दार थे . उनके खतम होने के बाद	అవును , నిజ మే . కానీ వారు మ రణ ి ంచిన తరవాత ,	0.5544
मैं तै या री करने में मदद सिरफ इसलिए कर रहा हूँ कयोंकि तुम मुझे मु फ त ना श ता दे ते हो .	మీరు నాకు ఫ రీ గా టి ఫి న పె డు తుననారు అనన కారణ ంగా మాతరమే నేను మీకు సాయం చేసతుననా .	0.6167
मुझे बहुत खुशी हुई तुम अपना हु नर सब को दिखा ओ गी . तुमहारे पर दर शन का कया नाम है ?	మీరు మీ ట య ాల ె ంట ని చూ పు తునన ందుకు నాకు సంతోష ంగా ఉంది . మీరు చేయ బో యే పని పేరు ఏంటి ?	0.6267
हमने अपना काम खतम कर लिया है और अब हम यहाँ से बाहर निकल ेंगे .	మనం మన పని ని పూరతి చేశా ం , ఇక మనం ఇ కకడి నుండి వెళళి పో వాలి .	0.5900
लगता है तुमहारे मिल कर काम न करने के कारण हमारा टे लै ंट शो अं धे रे में ड ू ब गया है .	చూ సతు ంటే మీ మధయ స రెన స ఖ యత లే కపో వడం వలల మన ట య ాల ె ంట ష ో చ ీ క టి మ యం అయి న టటు ఉంది .	0.6764
और जैसा आपने कहा , वह यहाँ नहीं हैं कयोंकि वह खतम हो गए हैं .	నువవు అనన ది నిజ మే , వారు చని పోయా రు కాబటటి ఇపపుడు నవ వ లే రు .	0.5933
मैं चा हूँ गी कि खतम होने का खत रा उठा ए बिना भी परा ण ी सबसे जी व ंत महसूस करें .	చా వు ను ఎదు ర కో కుండా కూడా జ నం తమ జీవి త ాల లో అత య ంత ఉ త సా హా నని పొ ంద గ లి గి తే బాగు ండు .	0.6368
वाह . मु फ त का खाना .	వా వ . ఉ చి తంగా భ ో జ నం .	0.5965
अगर मैं इस बारे में सोच ूँ तो कया तुम छु प कर न बैठ ने का वा दा करो गे ?	నేను ఆలోచి సతాను అని చెప తే , మీరు ఇలా దా గు కొ ని క న నే సి ఉ ంచడం మా నే సతా రా ?	0.6340
मुझे लगता है वह यहाँ होते तो यह सुन कर ह ँ स पड ते .	వారు బర తి కి ఉ ండి ఉంటే , ఈ విషయం వి ని నవ వు కునే వారు .	0.6041
यह दु ः ख की बात है , पर मैं स हम त हूँ .	వి చా ర కర మే , కానీ నాకు కూడా అలాగే ఉంది .	0.5846
तुमहें कुछ ऐसा ब जाने में मदद कर ूँ जो दर श कों को दूस री दुनिया में पहुँ चा दे .	జ నా నని ఆ కా శా నికి తీసు కె ళల గల పె ర ఫా ర మన స ఇవ వడానికి నేను సాయం చేయ గలను ఏ మో .	0.6384
तुम अपना यह हु नर मेरे रे स तो रा ं के वार ष ि क टे लै ंट शो में कयों नहीं दिखा ती ?	నా రె సటా రె ంట వార షి క ట య ాల ె ంట కార య కర మ ంలో మీ ట య ాల ె ంట ని చూపి ంచ వచచు కదా ?	0.6686
कया किसी को चा व लों के ऊपर को को की टि क की चाहिए थी ?	ఎవరెనా ఒక పి ండి ము దద మీద చా క లెట కా వాలని ఆర డ ర చేశా రా ?	0.5171
अगर बि ज ली नहीं होगी तो हम टे लै ंट शो कैसे करेंगे ?	క రె ంటు లే కుండా మనం ట య ాల ె ంట కార య కర మా నని ఎలా పెటట గల ం ?	0.6058
यह काफी बे कार है	చాలా దారు ణ మెన ఐ ట మ	0.4399
बहुत पसंद आया . तुमहें न ई चीजें करते देख कर अचछा लगा .	నాకు చాలా న చచి ంది . మీరు కొతత ప ను లు చేయడం భలే ఉంది .	0.5986
मुझे मु फ त ना श ता कयों नहीं मिल ता ?	నాకు ఎందుకు ఫ రీ గా టి ఫి న ఇవవ రు ?	0.6055
वय व स था ठीक रख ना मेरी पह चा न है .	మే నే జ మె ంట చేయ కుండా నేను ఉండ లేను .	0.5676
मुझ पर भरो सा करने के लिए धनयवाद .	నా మీద నమమ కం ఉ ంచిన ందుకు థాంక స .	0.5568
कया मतलब है तुमहारा ? बेशक हमने ठीक कर दिया . नहीं तो यह शो कैसे चल रहा होता ?	అలా ఎందుకు అడుగు తుననావు ? తపప కుండా పరి ష కరి ంచా ం . లే ద ంటే అసలు కార య కర మ ం ఎలా న డి చే ది ?	0.6165
और , हो गया . इसे ऐसे करते हैं .	ఇపపుడు , అంతే . అన నీ ఇలా పెటట ాలి .	0.5870
कया वे इसके लिए सही परा ण ी हैं ?	ఆ ప నికి వారి దద రూ స రెన వా రే నా ?	0.5359
खैर , हम दोनों ने अभी जाना कि यह सच नहीं है . तुम काफी परति भा शा ली हो .	అంటే , అది నిజం కా దని మని దద రికీ ఇ పపుడే తెలి సింది . మీకు చాలా ట య ాల ె ంట ఉంది .	0.5989
कया तुम अपनी यह भा ष ण बा जी बाहर जाकर कर लो गे ?	మీరు ఈ సం భా ష ణ ను కొంచెం బయట పెటటు కుంటా రా ?	0.6081
और यहाँ , के यर फु ल ना ओ में अपने दोसत ों के साथ उसे बा ँ ट ल ूँ .	కే ర ఫ ు ల నవ లో ఉనన మా ఫ రెండ స తో ప ంచుకో వాలి అనిపి ంచింది .	0.6611
ठीक है . अभी अपना स फर पूरा करने के लिए तुमहें दो चीजें और करनी हैं .	సరే . నీ పర యా ణ ా నని పూరతి చేయ డానికి నువవు ఇం కొ క రెండు ప ను లు చేయ ాల సి ఉంది .	0.6148
अब मेरा मन ल ल चा रहा है कया किसी ने ऑ र डर किया था . . .	సరే , ఇపపుడు నాకు కూడా రు చి చూడ ాలని ఉంది ఎవరి కె నా ఒక . . .	0.6066
और न ू ड ल स का ढ े र पर त ों के साथ	ఎవరెనా ల సా నయా ఆర డ ర చేశా రా ?	0.5584
तुमहारा ती स रा काम है , अपनी साफ की हुई प ले ट ों पर वे ऑ र डर लेकर जाना जो तुम ला ई थीं .	మూ డ వ పని గా మీరు శు భ రం చేసిన ప లే ట లలో ఆ హా రా నని పె టటి మీ రే క సట మర లకు అ ంది ంచాలి .	0.6852
मैं ऊपर च ढ ने की कोशिश कर सकती हूँ	నేను అ కకడికి ఎ కక డానికి ట రె చేయ గలను ,	0.5187
तुम प ले ट ें भी ठीक - ठा क साफ कर ले ती हो .	అలాగే ప లే టలు శు భ రం చేసే పని కూడా పర లేదు .	0.6247
- यह कया ? - बस , जैसा मैं कहूँ , करती रहो .	- ఏంటి ? - నేను చెపపి న టటు చేయ ండి చ ాలు .	0.5959
आज का दिन बहुत ड रा वना था पर बहुत सं तु ष टि भी मिली .	ఇ వాళ చాలా భ యం వే సింది , కానీ మన సు ని ండి న టటు కూడా ఉంది .	0.6157
तुम कोई न कोई ह ल ढूँढ लो गे .	మీ రే పరి ష కా రా నని కని పె డ తారు .	0.4667
हर परा ण ी न हा ते समय या अपनी चा ल न म शी न में अके ले जाते समय गा ने गा ना पसंद करता है .	పర తీ వయకతి కీ తమ ష వర లో లేదా వా హ నం లో వెళ తునన పపుడు ఒ ంట రి గా పా డ డం న చచు తుంది .	0.6846
हम पहुँच गए .	మనం బయట పడ డా ం .	0.4582
तुम तैयार हो ?	మీరు సిదధ మా ?	0.4981
मेरा हु नर है तुमहारे रे स तो रा ं को प हा ड की चो टी से गिर ने से बचा ना .	మీ రె సటా రె ంట ఈ కొ ండ మీద నుండి కూ లి పో కుండా ఆ పడ మే నా ట య ాల ె ంట .	0.6536
हाँ . पर अगर तुमहें कोई छु पा हुआ दिख भी जाए , तो वह केवल छु प ने का दिखा वा कर रहा है .	తపప కుండా . కానీ ఎవరెనా గ మని సతునన టటు మీరు చూ సతే , అది నా లా గ కనిపి ంచే వయకతి అని తెలుసు కో ండి .	0.6218
उनहें लगता था कि इससे परा ण ि यों को खुशी मिले गी .	నువవు అలా చే సతే చూ సే వారు సంతో షి సతా రని వారి ఉదదేశం .	0.5767
मैं यहाँ काम नहीं करता .	నేను అసలు ఇకకడ ప నే చేయ ను .	0.4654
कितनी शर मि ंद गी हो रही है .	నాకు చాలా సి గ గు గా ఉంది .	0.5026
तुमहें पत थ र सच में बहुत पसंद हैं , ह ँ ?	నీకు నిజంగా నే రా ళలు అంటే ఇషటం కదా ?	0.4686
तना व से मेरा ख ून का प ं प थ र थ रा ता है	ఆ ఒ తతి డి నా గు ండ ె పే లి పో యే లా చే సతుంది	0.5598
दूसरे जी वन दा ता को भी आप पर गर व होगा . अगर वे खतम नहीं हुए होते , बेशक .	ఇం కొ క పరా ణ దా త కూడా ఉ ండి ఉంటే ఎ ంతో గర వ పడ ే వారు . వారు చని పోయి ఉండ కపోతే అనుకో .	0.6324
जि ज ञ ा सा और गु ससा इस ग रह पर जहाँ चार ों तरफ है खत रा	ఆ స కతి అలాగే ఆ గర హం పరమా ద ంతో ని ండి ఉనన పరపంచ ంలో	0.6210
मुझे अचछा नहीं लगता जब मैं परा ण ि यों के सामने ब जाती हूँ	నేను ఇ తరు ల ముందు వా యి ంచే ట పపుడు ము ంద ె పపుడ ూ మంచి గా ఫీ ల కాల ేదు	0.5918
शायद बेहतर होगा मैं सट े ज पर तुमहारी मदद कर द ूँ ,	బహుశా సట ే జి మీద నేను మీకు సాయం చేయ గలను ఏ మో ,	0.5787
अपने इस रो मा ं च क स फर की स फ ल ता का ल ु त फ उठा एँ .	వెళలి సట ే జి మీద జ నం చూపి ంచే ట య ాల ె ంట స ని చూ దదాం .	0.6611
यह ठीक आ सा र नहीं हैं .	అది చాలా భ యం కర ంగా ఉంది .	0.5105
जब से मैं इन से मिली हूँ , यह ऐसे ही हैं .	నేను కలి సిన నా ట నుండి వారు ఇలా గే ఉననారు .	0.5490
तुमहारा दूस रा काम है , शे फ को ग रा ह कों के ऑ र डर बता ना	రెండ వ పని ఏంట ంటే , సర వర ఇ చచి వెళలి న తరవాత క సట మర ల ఆర డ ర లను	0.6032
इन का अ ध य यन मैं बाद में कर ूँगा .	నేను వీ టి ని తరవాత అ ధ యయ నం చేసతాను .	0.5667
कृपया सट े ज पर सवागत कीजिए , " मैंने अभी तक सोचा नहीं " का .	దయచేసి సట ే జి మీద కు ఆ హ వా ని దదాం , ఇంకా తెలీదు గా రి ని .	0.6086
खुद से सच बोल ने से जयादा मह त व देने लगे .	నిజ ా యి తీ గా ఉండ డా నని త యా గం చేసే లా త యా రయ యా రు .	0.5728
तो हमें इस बि ज ली की तार के साथ - साथ किसी अन जान जगह पर जाना होगा .	మనం ఈ ప వర లెన ని ఫ ాలో అవు తూ తెలీ ని పర దే శ ాల కు వెళల ాల సి ందే .	0.6164
हमने बै क अप जे न रे टर चला दिया था .	మేము బ యా క ప జ న రే టర ని వా డా ము .	0.6530
मुझे इस खा ने को जल ने से पहले प ले ट में डाल ना है .	ఈ వ ంట అ తి గా ఉ డి కి పో యే లో గా దానిని ప లే ట లో పెటట ాలి .	0.6189
एक सि ता रे की परि कर मा कर रहा है	ఒక న కష తరం చు టట ూ తి రుగు తోంది	0.5969
मुझे चा व लों के ऊपर को को की टि क की चाहिए . . . बे कार .	నాకు పి ండి ము దద మీద చా క లెట పె టటి . . . దారు ణం .	0.6571
मेरे कान !	నా చె వు లు !	0.4097
ग ड ढ े में नीचे उ तर ने के लिए एक - एक क दम करके पीछे की ओर चल ेंगे .	ఒ తతి డి పె డు తూ వెన కకి న డు సతూ ఆ క నన ం కింద కు వెళలి పో వచచు .	0.6423
जरा रु क ना .	ఒకక కష ణం .	0.4361
मैं केवल एक दर शक के सामने बेह तरी न पर दर शन करती हूँ	ఒకక రి ముందు వా యి సతే నే నేను బాగా పర దర శి ంచ గలను	0.5951
उन दर श कों के लिए शायद वह उप यु कत नहीं था	ఆ ఆ డి య నస కి ఆ పా ట త గి న ది కా కపో వచచు ,	0.6299
तुमहारी आवा ज स दा मुझे रा सता दिखा ए गी	నీ స వ రం ననను ఎ పపటి కీ న డి పి సతూ నే ఉంటుంది	0.5530
जयादा तर परा ण ि यों ने नहीं देखा होगा . ये सबसे पहले परा ण ि यों के बना ए कुछ चि तर हो सकते हैं .	ఇలా ంటి ది చాలా మంది చూ సి ఉండ రు . ఇ వి మన జా తి వారు గ ీ సిన పు రా తన బ ొ మమ లు అయ యు ంటా యి .	0.6728
लगता है तुम मेरे सामने आ राम से ब जा ले ती हो .	నా ముందు పె ర ఫా మ చేయడం మీకు స ౌ కర య ంగా ఉనన టటు ఉంది .	0.6087
मैं यह कर सकता हूँ .	నేను ఇది చేయ గలను .	0.4804
वह कितना ड रा वना था !	చాలా భ యం వే సింది !	0.4179
कि कोई नया परा ण ी अपना हु नर हमारे सामने पे श करे .	తన ట య ాల ె ంట చూపి ంచే లా పర ో త స హి ంచడం నా లకష యం .	0.6161
कुछ थो डे अजीब लग सकते हैं	కొనని విషయ ాలు వి ంత గా ఉండ ొ చచు	0.5164
हमें एक - दूसरे को स हा रा देना होगा .	ఒక రికి ఒక రం స పో ర టు చేసు కు ంట ూ వెళళ ాలి .	0.5768
तुम यहाँ नहीं हो इसका मतलब यह नहीं कि तुम मेरे साथ नहीं	నువవు ఇకకడ లే న ంత మా త రా నా నువవు నాతో లేవు అని కాదు	0.5559
आ मत ौर पर हि म मत का एक उन मा दी च कर . . .	సా ధా రణ ంగా భ ర మ లాంటి ఒక ధ ె ర యం . . .	0.6245
केवल मैं ही यह कर सकता हूँ .	ఇది నేను మాతరమే చేయ గలను .	0.5118
ठीक है , मैं यह कर सकता हूँ .	సరే , నేను ఈ పని చేయ గలను .	0.5572
इस तरह बो लो कि ऐसा लगे वह परा ण ी इस सला द के बिना खतम हो सकता है .	జ నం వాళ లకు తమ స లా డ అంద కపోతే చచ చి పో తా రే మో అనన టటు చెపప ండి .	0.6565
धनयवाद . मुझे उससे एल र जी है .	థాంక స . నాకు అ లె ర జీ ఉంది .	0.5818
और यह मेरी सुरकष ा भी करे गा ?	ఇది నా ర కష ణ కోసం క టట ా వా ?	0.5906
लगता है हम दोनों को अपनी जिंद गि यों में आगे बढ ने का रा सता नहीं मिल रहा .	మని దద రి జీవి త ాల లో ము ందుకు వెళల లే కుండా గో డ లు అడ డు వచచి న టటు ఉననాయి .	0.6314
मुझे अब ठीक तरह पता नहीं पर इतना पता है कि मैं सं तु ष ट महसूस नहीं करती .	నాకు ఇపపుడు ఆ విషయం లో సప షట త లేదు , కానీ నా మన సు లో ఏదో వె లి తి ఉ ందని మా తరం తెలుసు .	0.6167
कयोंकि दूसरे परा ण ि यों के सामने ब जाना मुझे बहुत मुशकिल लगता है .	కాబటటి నేను ధ ె రయ ంగా అంత రా యం లే కుండా వా యి ంచ గల కొనని పర దే శ ాల లో ఇది ఒకటి .	0.5983
यह रहा आपका ऑ र डर . मेरे खया ल से .	మీ ఆర డ ర ఇ దు గో ండి . ఇది మీ దే అను కు ంట .	0.6060
अगर तुमने बि ज ली की तार ें गलत नहीं लगा ई होती ं तो ऐसा कभी नहीं होता .	నువవు గ నుక క రె ంటు క నె కష న ని తపపు గా పె టటి ఉండ కపోతే ఇలా జరిగి ఉండే ది కాదు .	0.5973
सला द चाहिए . स ॉ स मत मिला ना .	స లా డ . హా ట సా స వే య కుండా .	0.5198
- वह मेरा नहीं है . - मैंने उसका ऑ र डर दिया था .	- అది నా ది కాదు . - అది నేను ఆర డ ర చేశా .	0.6276
ठीक है , तो अब इसे वापस चा लू कैसे करें ?	సరే , అయితే తిరిగి క రె ంటు వెళ లే లా చేయడం ఎలా ?	0.5883
मैंने तुमहें संभाल लिया है . तुम यह कर लो गी .	నువవు ఈ పని చేయ గల వు . నీకు ఆ సత తా ఉంది .	0.6236
कया इसका मतलब है हम दु ः ख ी हैं ?	దీ నికి అరథం మనం సంతోష ంగా లే ము అ నా ?	0.5555
हम जी वन को मा य ने देने के तरी के ढूँढ ले ते हैं	జీవి తా నికి అరథ ా నని ఇవ వడానికి మా రగ ాలను వె తు కు తు ంటా ం	0.5664
कयोंकि मुझे पता है मैं यह अके ली नहीं कर रही	ఎందుకంటే నేను ఒ ంట రి గా ఇది చేయడం లే దని నాకు తెలుసు	0.5237
जैसे कि सा बि त करना कि अपनी जिंदगी पर आपका निय ं तर ण आपकी सोच से जयादा है .	అను కునే దాని క ననా జీవి తా నని మరి ంత బాగా క ంట రో ల చేసు కుంటుననా ం అని ని రూ పి ంచుకో వడం లా గ .	0.5651
कया तुमहें यह कोई सं के त लगता है ?	ఇది ఒక సం కే తం అనుకుంటుననా వా ?	0.5598
लगता तो है कि ब जाती रही .	నేను చేసిన టటు ఉననాను .	0.4486
यह कैसे हो गया कि हम अब तक खतम नहीं हुए .	ఇది అ సా ధయ మే , కానీ మనం ఇంకా చా వ లేదు .	0.5899
अगर मैं इस पा ता ल में जा सकती हूँ , तो तुम भी जा सकते हो .	ఈ చ ీ క టి లోకి నేను వెళల గ లి గి తే , నువవు కూడా రా గల వు .	0.6341
इससे कोई फा य दा नहीं हुआ पर वैसे यह सच है .	పెదద గా ప నికి రా ని సమా చా రం , కానీ ఒక వి ధ ంగా నిజ మే .	0.5693
मैं हमेशा रे स तो रा ं और काम को अपनी इ चछ ा ओं और जरूरत ों से आगे रख ती हूँ .	నేను నా ఇష ట ాలు , అవ సర ాల కు బ దు లు ఎపపుడూ రె సటా రె ంట అవ సర ాల కే పరా ముఖ య తను ఇ సతు ంటా ను .	0.6510
मेरे ऊपर तुमहारा ए ह सान था .	నేను నీకు రు ణ పడి ఉననాను .	0.5153
जब तक खा कर न देखो , रा य मत बना ओ .	రు చి చూడ కుండా నే అలా అన క ండి .	0.5234
- यह शान दार था . - बहुत सु ंदर !	- అదభు తంగా ఉంది ! - అంద ంగా ఉంది !	0.5202
इस न क शे के अनु सा र एक और सु र ंग है , पर मुझे वह नजर नहीं आ रही .	ఈ మయా ప లో ఇకకడ ఇం కొ క స ొ రం గం ఉ ందని ఉంది , కానీ నాకు అది కనిపి ంచడం లేదు .	0.6382
यहाँ कुछ आ शा की कि रण ज गी है .	ఇది చూ సతు ంటే ఫ లి తం ఉండే లా ఉంది .	0.5504
छ ल मान ता हूँ . मेरा काम खत रे से बच ने में मदद करना है , उसे ग ले लगा ना नहीं .	నేను ఒ పపు కుంటా ను . నా పని పరమా ద ం జరగ కుండా అ రిక టట డం , కా వాలని దాని దగగర కు వెళల డం కాదు .	0.6369
मैं एक सं र च ना त म क इं जी नि यर हूँ .	నేను ఒక నిర మా ణ ఇం జి నీ ర ని .	0.6066
सवा दि ष ट सला द ?	రు చి కర మెన స లా డ ?	0.5151
- हमें गिर ना पडे गा . - कया उससे चो ट लगे गी ?	- మనం పడి పో బో తుననాం . - పడి తే న ొ పప ి గా ఉ ంటు ందా ?	0.6226
तो , तुमने उसे ठीक कर दिया ?	సరే , మేము సమసయ ను పరి ష కరి ంచా మా ?	0.5435
मैं फिर से तुम दोनों को नि रा श नहीं करना चाहती .	నేను మళళీ మీ ఇదద రి నీ ని రా శ పర చ ాలని అనుకో వడం లేదు .	0.5668
इसका पर दर शन से कया लेना - देना है ?	దీ నికి పె ర ఫా మ చేయ డ ంతో ఏం సంబం ధం ఉంది ?	0.5234
अजीब है , ज मी न से उठा या ही नहीं जा रहा .	నే ల మీద నుండి తీ య డం ఎందు కో చాలా కష ట ంగా ఉంది .	0.5703
देखो , मैं एक बू ढ ा , बे ढ ं गा , शान दार परा ण ी हूँ .	చూడ ండి , నేను ఒక అత యు త సా హం ఉనన అంద మెన ము స లి వయకతి ని .	0.6612
उसे बहुत परि कर मा एँ हो चु की हैं . हम उसका साम ना ऐसे ही करते हैं .	అది జరిగి చాలా సం వ త సర ాలు అయి ంది . మేము ఆ బాధ తో జీవి ంచ డానికి ఇ దొ క మా రగ ం .	0.6063
वह मेरा था ! कोई खा कर देखना चाहता है ?	అది నా ఐ ట మ ! ఎవరెనా ట రె చేసతా రా ?	0.4983
मेरा अं दा जा है कि यह किसी ब ौ द धि क रूप से श रे ष ठ परा ण ी का काम है .	నే నె తే ఇది మన సథా యి కి మి ంచిన బాగా తెలి వి తే టలు ఉనన జీవి పని అనుకుంటుననా ను .	0.5794
मुझे परा ण ि यों को ध के ल ना पसंद जरूर है	నాకు ఎవరి నె నా పర ో త స హి ంచడం ఇషటం ,	0.6170
हे ल ॉर ब पर भ ु , बहुत मुशकिल है .	ఓ రి , దేవుడా , ఇది చాలా దారు ణం .	0.5720
इससे बेहतर सं के त आपको नहीं मिल सकता .	నీకు ఇంత కంటే పెదద సం కే తం ఇం కే దీ రా కపో వచచు .	0.5379
बु द ध ू .	స ననా సి .	0.5046
जरू री कौ श ल सी खो गी .	నె పు ణ య ాలను నే ర పు తా యి .	0.5744
सं भ लो !	చూ సుకో !	0.4445
मैं दूसरे परा ण ि यों के सामने नहीं ब जा सकती .	నేను ఇ తరు ల మధయ అస స లు పె ర ఫా మ చేయ లేను .	0.5894
हो सकता है कुछ परा ण ि यों के पास दिखा ने के लिए कोई हु नर ही न हो .	బహుశా కొ ంద రికి చూ ప టానికి ట య ాల ె ంట స అ ంట ూ ఏమీ ఉండ వు ఏ మో .	0.6724
और अब आगे चीजें और अजीब होती जाएँ गी	ఈ జీవితం ఇక పె మరి ంత వి ంత గా మా రు తుంది అంతే	0.5145
जब वे टर वह ऑ र डर यहाँ छोड जाए .	చె ఫ కి వి ని పి ంచే లా గ టటి గా చెపప డ మే .	0.5148
तुमहें यह काम खतम करना है या नहीं ?	నీకు ఈ పని చేయ ాలని ఉందా లేదా ?	0.5016
हमें इस तार के साथ इसके स रो त तक जाना चाहिए .	మనం ఈ లెన ఎ కకడి నుండి వ సతు ందో చూడ ాలి .	0.5890
और मेरे सामने भी , दोसत .	అలాగే నా కోసం కూడా , మి తర మా .	0.5363
मैं यह नहीं कर सकता .	నేను ఇది చేయ లేను .	0.4109
मैं यह नहीं कर सकती .	నేను ఇది చేయ లేను .	0.4099
मैंने अपने सा थी और अपनी सं ता न को नि रा श किया और अब तुमहें भी .	నేను నా భా గ సవా మి ని అలాగే నా బి డ డ ను ని రా శ పరి చా ను , ఇపపుడు మిమమలని కూడా .	0.5754
मुझे तो लगता है मैं सिरफ के यर फु ल ना ओ में काम करने के लिए तैयार हुई हूँ .	నా కె తే కే ర ఫ ు ల నవ లో పని చేయ డానికి మాతరమే సిదధ ంగా ఉనన టటు ఉంది .	0.6481
खा ने के नि शा नों पर धयान दो . पा नी डा लो .	మి గి లి న ఆ హా రం మీద ద ృష టి పెటట ండి . బాగా క డ గ ండి .	0.5376
पता नहीं मैं और कितना स ह न कर सकता हूँ .	నేను ఇం కె ంత హ యా ండి ల చేయ గల నో నాకు తెలీ డం లేదు .	0.5160
मैं इससे जयादा कभी नहीं ड रा पर फिर भी मैं बेहद जी व ंत महसूस कर रहा हूँ .	నేను ము ంద ె పపుడ ూ ఇంత గా భయ పడి ంది లేదు , కానీ ఇంత గా ఉ త సా హం కూడా ము ంద ె పపుడ ూ ఫీ ల అవ వ లేదు .	0.5990
यह है ऑ र ब नाम क हमारा ग रह थोडा सा एक ओर झ ु का हुआ है	ఇ దు గో ండి మా పరపంచ ం ఇది కా సత వం పు గా ఉంటుంది	0.5785
वाह ! यह तो एक ध ु न है .	వా వ ! ఎంత మా ధ ు రయ మెన రా గ మో .	0.6097
मुझे तो यह पया रा लगा .	నా కె తే ఇది అంద ంగా నే ఉంది .	0.4232
और जब मैं रे त में द बा हुआ तुमहारा गा ना सुन रहा था ,	అలాగే నేను ఇ సు క లో క పప బడి మీ పా ట వి ంటు ండ గా ,	0.6314
इसमें तो कोई ग ड ब ड नहीं हो सकती .	ఇ ందు లో తపపు లు చేయ డానికి అవకా శ మే లేదు .	0.5211
तुमहें कुछ जरू री कौ श ल सि खा कर मैं आज रात सट े ज पर पर दर शन करने के लिए	మీకు అవ సర మెన కొనని నె పు ణ య ాల కు ప దు ను పె టటి ఇ వాళ రాతరి సట ే జి మీద పె ర ఫా మ చేయ డానికి	0.6316
कया तुम एक पे शे वर सं गी त कार हो ?	మీరు పర ొ ఫె షన ల మ యు జి షి య నా ?	0.6633
यह काफी डा ँ वा डो ल सा लग रहा है .	చూ సతు ంటే పరమా ద కర ంగా ఉంది .	0.5453
मेरे पास एक ऑ र डर है . . .	నా దగగర ఒక ఆర డ ర . . .	0.6423
- तुमने कर लिया ! - तुमने मुझे बचा लिया . आ भा र .	- నువవు సా ధి ంచా వు ! - నువవు ననను కా పా డా వు . చాలా సంతోష ం .	0.5910
और मुझे लगता है मुझे उनकी इ चछ ा पूरी करने के लिए	నాకు ఎలా అనిపి సతోంది అంటే నేను వారి కోసం	0.5232
उनहें मैं पसंद आया ! वे ख डे हो कर अपने हाथ पी ट रहे हैं .	వీ ళళ కు నేను బాగా న చ చేశా ను ! అందరూ ని ల బడి నాకు చ పప టలు కొ డు తుననారు .	0.5872
नहीं . मेरे सा थी ने भी बिलकुल यही किया होता .	లేదు . నా భా గ సవా మి కూడా సరి గగా ఇదే పని చేసి ఉండే వారు .	0.5188
उ फ . मुझे यह सुन कर अफ सो स हुआ .	అమమ ో . ఆ మాట విన డం నాకు బాధ గా ఉంది .	0.6156
अब यह कैसे होंगे ?	అలా ఎలా సా ధ యం ?	0.4831
सच में , है ना ?	నిజ మే , అవును కదా ?	0.5008
पर मैं मान सकता हूँ कि कभी - कभी मैं खुद को अपनी भा वना ओं के बारे में झ ु ठ ला ता हूँ .	కానీ కొనని సా రలు ననను నేనే నా ఫీ లి ంగ స విషయం లో మో సం చేసు కు ంటు ంటా ను .	0.6103
हमें बस इतना पता है हम जी वि त हैं	మనం పరా ణ ాల తో ఉననా మని మాతరమే మనకు తెలుసు	0.5103
आ ख िर कार तो उसे ठीक करना ही होगा .	అంటే , దానిని ఎలా గు బాగు చేయ ాల సి ందే కదా .	0.4885
इस सं करे रा स ते से नीचे उ तर ने के लिए	మనం ఈ కింద కు సరి గగా ది గ ాలి అంటే	0.5769
- ल ॉर ब पर भ ु . मैं ऐसे काम नहीं कर सकती . - हमेशा मुशकिल होता है .	- ఓ రి లా ర బ . ఇలా అయితే నేను పని చేయ లేను . - ఎపపుడూ సమ స యే .	0.6864
दरअसल , मैं तुमहारी इ कल ौ ती जी वन दा ता हूँ .	అంటే , నీకు ఉనన ఒక ే ఒకక పరా ణ దా తను నేనే కదా .	0.5983
मुझे पता है मैं कई बार जयादा जो र डाल दे ता हूँ पर अगर मौ का मिले	నేను కొంచెం దు రు సు గా ఉనన టటు కనిపి సతా నని తెలుసు , కానీ నాకు ఒక అవకా శం ఇ సతే ,	0.5837
- तुम आ रहे हो ? - मुझे जि ज ञ ा सा तो हो रही है .	- నువవు వ సతుననా వా ? - నాకు ఆ స కతి గా ఉంది .	0.6346
के यर फु ल ना ओ	కే ర ఫ ు ల నవ	0.5451
वैसे मुझे एक टे लै ंट शो में अपना हु नर दिखा ने का नि म ं तर ण तो मिला है .	నాకు ఒక ట య ాల ె ంట ష ో లో పాల గొ న మని ఒక ఆ హ వా నం కూడా వచచింది .	0.6674
न म कीन है .	ఉ పప గా ఉంది .	0.5184
अब तुमहारी बा री , दोसत .	ఇక మీ వం తు , ఫ రెండ .	0.5519
मुझे बहुत खुशी हो रही है , आपके का नों और आपके ख ून के प ं प ों या नि दिल ों से	మీ చె వు లకు , మీ హ ృ దయ ాల కు నా ఫ రెండ కి ఉనన మ యూ జి కల ట య ాల ె ంట ని	0.6823
यह खतम होने जैसा लग रहा है .	నాకు చచ చి పో వాలని ఉంది .	0.5370
बीच पर रे त में छु पा हुआ कोई परा ण ी पर कट हुआ और उसने मुझे यह पक डा या .	బీ చ లో ఒక వయకతి ఇ సు క లో దొ రలు తూ బయటకు వచచి నాకు ఇ చచా రు .	0.6344
सच में ? अ ँ ह - अ ँ ह .	నిజంగా ? ఆ బ బె .	0.4582
और हमें मदद की जरूरत थी ,	మిమమలని మో సం చేయ దల చు కో లేదు ,	0.4963
पर मैं तुमहें बता ऊँगा नहीं कि किस ने कया ऑ र डर किया था ,	కానీ , ఎవరు ఏం ఆర డ ర చేశా రో నేను మీకు చెపప ను ,	0.5916
कोई चिंता की बात नहीं . मेरे घर में र खा बै क अप जे न रे टर चला ल ेंगे .	ఏం పర లేదు . నా ఇంట లో ఉనన బ యా క ప జ న రే టర ని ఆన చేయ ొ చచు .	0.6740
मुझे सच में ध के ले जाने की जरूरत है , है ना ?	నాకు నిజంగా నే పర ో త సా హం అవసరం , కదా ?	0.6136
- हमें तुमसे पयार है ! - यह कितना बढिया था .	- మాకు నువవు న చ చేశా వు ! - భలే ఉంది .	0.6132
दिल च सप नाम है , पर मुझे यह सं बं धि त लगा .	భలే పేరు , కానీ దానికి ఉనన సా పే కష త నాకు న చచి ంది .	0.6071
मैं सही था . मैं अभी लग भ ग खतम ही हो गया था .	నేను అను కునన దే క రె క టు . నేను దా దా పు గా చచ చి న ంత ప నె ంది .	0.5549
यह काम थोडा मुशकिल लग रहा है . पर मैं कोशिश कर ूँगी .	అది . . . అది కొంచెం కష ట ంగా ఉండే లా ఉంది . కానీ నేను ట రె చేసతాను .	0.5588
मैंने अपने जी वन में बहुत कुछ देखा है	నేను నా జీవితం లో ఎ నన ో చూశా ను ,	0.5489
वह तो है . पर हमें कितना कुछ मिल रहा है . जैसे यह न क शा .	నిజ మే . కానీ మనం ఎ నన ో కొతత వాటి ని కను గొ ంటుననా ం . ఈ మయా ప లాంటి వాటి ని .	0.6009
चा वल	పి ండి	0.2370
चलो , यहाँ से निकल ें .	ఇ కకడి నుండి బయట పడ దాం ప దా .	0.4745
कैसे ?	ఎలా ?	0.3956
मैंने वै सा पहले कभी महसूस नहीं किया .	నేను అలా ంటి ఫీ లి ంగ ని ము ంద ె నన డ ూ అను భ వి ంచ లేదు .	0.5100
- मैं वह नहीं कर ूँगी . - खैर , कोशिश करना मेरा फर ज था .	- నేను చేయ ను . - సరే , ఏదో ఒక రా యి వే శా ను .	0.6079
कया ?	ఏంటి ?	0.3091
या तो तुम मिल कर काम करो या कहीं और जाकर काम करो .	ఇపపుడు మీరు కలిసి పని చేయాలి లేదా వే ర ొక చో ట పని వె తు క కో ండి .	0.4774
तुम बीच पर सं गी त कयों ब जा रही हो ?	మీరు బీ చ లో ఎందుకు సంగ ీ తం వా యి సతుననారు ?	0.5681
पर दर श कों के सामने पर दर शन करने से और ए ह सा स जन म ले सकते हैं ,	కానీ ఒక భా రీ ఆ డి య నస ముందు పె ర ఫా మ చేయడం అంటే అనే క ఇ తర ఫీ లి ంగ స బయటకు వ సతా యి .	0.6422
मैं ऐसी कुछ जग हों पर ही आ राम से ब जा पा ती हूँ	నాకు ఇ తరు ల మధయ పె ర ఫా మ చేయడం చే త కాదు	0.6169
सबसे पहले , इन प ले ट ों पर पा नी की धा र मार कर इन हें बिलकुल साफ कर दो . कुछ भी लगा न रहे .	ముందు గా , ఈ ప లే టలు అనని ంటి నీ శు భ ర ంగా క డ గ ాలి . ఎలా ంటి మర కలు ఉండ కూడదు .	0.6748
इसे वहाँ लगा ओ . यह गलत है . इसे ठीक करो और वह भी गलत है .	ఇది ఇకకడ పెటట ాలి . ఇది తపపు గా ఉంది . ఇపపుడు సరి చేసి , అలా పె డి తే తపపు .	0.5848
उप - शी र ष क अनु वाद क : म ृ ण ा ल	స బ టె టి లస అ నువ ది ంచింది : జో సె ఫ	0.6181
हमें उनहें दोबारा जो ड ने का तरी का ढूँढ ना होगा .	వాటి ని తిరిగి త గి లి ంచ డానికి మనం ఒక మార గా నని కను గొ నా లి .	0.4825
हे मेरे ल ॉर ब पर भ ु , ये कि तने सु ंदर हैं .	దేవుడా , ఇ వి భలే అంద ంగా ఉననాయి .	0.5610
मैं अपनी पै र ों की न लिया ँ सिरफ अपने जी वन के वि शे ष परा ण ि यों के लिए उ तार ती हूँ .	నేను నా ష ూ స ని నా జీవితం లో ఉనన పర త యే క మెన వారి కో స మే తీ సతాను .	0.6201
मैंने सभी यु वा परा ण ि यों को रु ला दिया था .	నేను పిలల లు అందరూ ఏ డ చే లా చేశా ను .	0.5679
आ शा है वह मु फ त का ना श ता यह शो बर बाद करने के ला य क था .	నీకు ఫ రీ టి ఫి న పె డు తునన కారణ ంగా కార య కర మా నని పా డు చేసా వు అనన మాట .	0.6171
तो यह लो , आ शा है तुमहें पसंद आए गा	అవును , ఇ దు గో ండి , మీకు న చచ ాలని కో రు కుంటుననా	0.5509
एक और अ ँ धे रा ग ड ढ ा .	ఇం కొ క చ ీ క టి మ య మెన చ ీ లి క .	0.6083
हो सकता है . पर तुमहारे पास अगर कोई हु नर है तो वह बै नर बना ना तो बिलकुल नहीं है .	కా వచచు . నీకు ఏ ట య ాల ె ంట ఉననా అది మా తరం బ యా న రలు చేయడం అయ యు ండ దు .	0.6523
मुझे लगा मैं ह वा में उ ड ता हुआ एक पत ता हूँ जो रात के अं धे रे में धी रे से ना च ता जा रहा है .	నాకు రాతరి ప ూ ట గ ాలి లో తే లు తూ మె లలి గా డా నస వే సతునన ఆ కు లా గ అనిపి ంచింది .	0.6527
मुझे कभी - कभी लगता है कि मैं बस एक ही ध ु न में भाग ती च ली जा रही हूँ	కొనని సా రలు నేను ఏదో ఆ టో మే టి క గా న డ వడానికి సె ట చేసిన టటు బర తు కు తూ నా స ొ ంత నిరణ య ాలు	0.6168
इस जगह पर इतने अ ँ धे रे ग ड ढ े से कयों हैं ?	అసలు ఈ పర దేశం లో ఇ నని చ ీ క టి స ొ రం గ ాలు ఎందుకు ఉననాయి ?	0.5982
हर साल मुझे कुछ ऐसा नजर आता है जो मैंने पहले कभी नहीं देखा .	పర తీ ఏ డా ది , నేను ము ంద ె నన డ ూ చూడ ని ది చూ సతు ంటా ను .	0.6345
हम सभी को कभी - कभी उसकी जरूरत पड ती है . चलो , शुरू करें .	మన అంద రికీ ఒకక ొ కక సారి పర ో త సా హం అవసరం అవు తుంది . ఇక మొద లు పె డ దాం పద ండి .	0.5893
शान दार .	భలే ఉంది .	0.3622
मेरी सं ता न इतनी उ त सा हि त थी ,	నా బి డ డ చాలా ఉ త సా హ పడి	0.4938
वा कई . हम पहुँच ने ही वाले हैं . चलो , चल ते र हें .	నిజ మే . మనం దా దా పు గా ఇంటికి చే రు కునన టటే . ము ందుకు వెళ దాం పద .	0.6091
मैं भी . यह उप कर ण तो ठीक लग रहा है .	నాకు కూడా . ఈ పరి క రం బా నే పని చే సతునన టటు ఉంది .	0.5828
मैं कुछ सि खा ने की कोशिश कर रही थी .	నేను వా రికి కొతత విషయ ాలు నే ర ప ాలి అను కుననాను .	0.5093
आ ख िर कार मदद करने के लिए आ भा र .	చి వ రికి సా య పడు తునన ందుకు చాలా సంతోష ం .	0.5336
अचछा , मेरे पास हैं ते ज आ ँच में सि ं के हुए आ लू जयादा आ ँच पर	సరే , నా దగగర బాగా కర కర లా డే ఫ రె ంచ ఫ రె స ఉననాయి	0.5998
कि हम में से हर कोई एक - दूसरे से कितना अलग है .	మనం ఒక రి తో ఒక రి ని పో ల చి తే మనం ఎంత వి భి నన మెన వార మ నన విషయ మే .	0.5807
आपके पास बै क अप जे न रे टर है ? तो उनहें मु ख य सर कि ट ठीक करने कयों भे जा ?	మీ దగగర బ యా క ప జ న రే టర ఉందా ? మరి మె యి న సర క యూ ట ని బాగు చేయ డానికి వారి ని ఎందుకు పం పా రు ?	0.6642
बाकी ब ची हुई तार ें कैसे जो ड ें ?	మరి మి గి లి న చి వరి వాటి ని త గి లి ంచడం ఎలా ?	0.4790
कोई बात नहीं .	ఏం పర లేదు .	0.3949
क माल है हम कितनी दूर आ गए हैं .	మనం ఎంత దూ రం వచచా మో తల చు కు ంటే భలే ఉంది .	0.5351
कितना छो टा है , पर कितना भा री है . वि चि तर है .	చినన గా ఉననా చాలా బ రు వు ఉంది . భలే .	0.5390
पता लग जाएगा .	ఏమ వు తు ందో చూ దదాం .	0.4370
हाँ . चलो , परा ण ि यों को सट े ज पर अजीब चीजें करते देख कर	సరే . మనం చేసిన సా హ సా నని ఎ ం జా య చేయ డానికి	0.5618
और यह जयादा समय के लिए नहीं होगा तो अचछा होगा हम पै र ों में न लिया ँ डाल लें	అది ఎ ంతో కాల ం ఉండ దు కాబటటి ఈ పరప ంచా నని తిరిగి చూ సతే మంచిది	0.5622
मैंने " जी व दूसरे जी व ों को खा ते हैं जो दूसरे जी व ों को खा ते हैं " गा ना गा या था .	నేను " జీ వు లను తి నే జీ వు లను తి ంటు నన జీ వు లు " అనే పా ట పా డా ను .	0.6152
आज कल मुझे उनकी बहुत याद आ रही है	నేను ఈ మధయ వారి గురించి బాగా ఆలోచి సతుననాను	0.4890
मुझे मत बताओ मैं अपने रे स तो रा ं की सट े ज की ला इट ों को कैसे लगा ऊँ .	నా రె సటా రె ంట లె టలు ఎలా మే నే జ చేయ ాలో నా కే చెపప కు .	0.6148
सच है . कई पी ढ ि यों के द ौ रा न वि का स करते हुए परा ण ी दूसरे परा ण ि यों से ई मान दा री से पे श आने को	నిజ మే . అనే క తర ాలు గా మను ష ు లు ఇ తరు లతో నిజ ా యి తీ గా ఉండ డం కోసం తమ తో తా మే	0.6708
मेरी अस फ ल ता का कारण तुमहारे द या ल ु और अजीब सि खा ने के तरी के नहीं हैं .	నా వె ఫ ల యా నికి మీ అస హ జ మెన బో ధ నా వి ధా నాలు కారణ ం కాదు .	0.6171
मुझे रे त का भा र बहुत सु कू न दे ता है .	నా మీద ఇ సు క బ రు వు ఉనన పపుడు భలే హా యి గా ఉంటుంది .	0.6058
वह शायद इसलिए कयोंकि हम लग भ ग कु चले गए थे ,	మనం దా దా పు గా చచ చి బర తి కి న ందుకు ఇలా అనిపి సతుంది ఏ మో ,	0.5478
उनके लिए एक अ लौ कि क खुशी की संभा वना इंतजार करती है .	ఒక మా న వా తీ త మెన ఆన ంద ం ఎదు రు చూ సతు ంటుంది .	0.6191
नहीं तो हम खतम हो जाएँगे .	లేదా మనం చచ చి పో తా ం .	0.5223
सट े ज पर जाने का रो मा ं च	పె ర ఫా ర మన స అదభు తంగా ఉండ బో తోంది	0.5535
कया तुम आज शा म कोई छु पा हु नर दिखा ओ गे ?	ఇ వాళ రాతరి మీకు ఉనన ర హ సయ ట య ాల ె ంట స ఏమెనా చూ పు తా రా ?	0.6099
या बु री तरह अस फ ल हो सकता है .	లేదా భ యం కర మెన వె ఫ ల యం .	0.5886
हर परि कर मा में मेरा ल कष य होता है	పర తీ ఏ డా ది ఒక కొతత వయకతి	0.4852
बेशक देखा होगा .	నువవు చూ సే ఉంటా వు లే .	0.4138
पर तुम यह कर लो गी .	కానీ మీరు ఈ పని చేయ గల రు .	0.5144
तुम और मैं . हम यह कर ल ेंगे .	నువవు ఇంకా నేను . మనం ఈ పని ని చేయ గల ం .	0.4891
जब से मेरा सा थी मुझसे बि छ डा मुझे लगा मेरे सं गी त के दिन खतम हुए	నా భా గ సవా మి ని నేను కో ల పోయి న పపటి నుండి నేను సంగ ీ తం వా యి ంచే రోజు లు ము గి సా యి అను కుననా	0.5772
और अपनी बा ँ हें मेरी बा ँ हों में फ ँ सा लो .	నీ చే తు లను నా చే తు లతో పె న వే య .	0.5529
तुमहारा ह ौ सला बढ ा रहा हूँ .	మీకు అవ సర మెన పర ో త సా హా నని ఇ సతుననాను .	0.4638
अचछा , देखो , मैं तुमसे छ ल कर ूँगा अगर न बता ऊँ कि हमारे पास आज स टा फ की कमी थी	సరే , ఇలా చూడ ండి , ఇ వాళ ఇకకడ పని వాళళు త కకువ ఉండ డం వలల నాకు కూడా కొంచెం సహా యం అవసరం అయి ందని చెపప కుండా	0.6212
यह तो सच है . मैं तुमहें कहीं और लग वा सकता हूँ .	అది నిజ మే . నీకు బ దు లు నేను వే ర ొ కరి ని ఏ కష ణ మెనా తె పప ి ంచుకో గలను .	0.5682
कया करने का सोच रहे हो ?	మీ మన సు లో ఏ ము ంది ?	0.5354
पर शायद तार ों को पक ड कर मैं नहीं च ढ पा ऊँ गी .	కానీ వె రలు పటటు కొ ని ఎ కక డం కష టం .	0.5929
पर खुद से सच बोल ना हमें मुशकिल लगता है .	మన తో మనం నిజ ా యి తీ గా ఉండ డం నే ర పి ంచ కపో వడం నవ వు వ సతోంది .	0.5654
थोडा जयादा पा नी डाल दिया .	నీ ళలు స పరే చేయడం కొంచెం ఎ కకు వె ంది .	0.4181
- मुझे लगा मैं उनहें खुश कर पा ऊँ गी . - लगता है बहुत समझ दार सा थी थे .	- నేను ఇ తరు లను సంతోష పెటట గలను అను కుననా రు . - విన డానికి చాలా తెలి వెన భా గ సవా మి లా ఉననారు .	0.6115
बातें कम , ध ु ला ई जयादा .	మాటలాడ డం ఆ పి క డ గ డం మొద లె టట ండి .	0.5013
वह मेरे लिए है .	అది నా కోసం .	0.4640
नहीं . कया तुम मुझे ड रा ने के लिए बस इंतजार कर रहे थे ?	కాదు . మీరు ననను భయ పెటట ాలని దా క కుననా రా ?	0.5809
यह इतनी जि दद कयों करते हैं कि परा ण ी अपने हु नर सब को दिखा एँ ?	అందరూ వారి వారి ట య ాల ె ంట స చూపి ంచ ాలని ఆ వయకతి ఎందుకు అంత మొ ండి పటటు పడు తుననారు ?	0.5774
धयान दो .	ఫో కస . ఫో కస .	0.2963
अब तुम तैयार हो .	ఇపపుడు సిదధ ంగా ఉననారు .	0.4009
मैं कह ती हूँ तुम छ ल कर रहे हो . तुमहें डर लग रहा है .	నేను అస స లు నమమ ను . నువవు భయ పడు తుననావు .	0.5268
मेरी न य ी दोसत के सं गी त के हु नर का परि च य करवा ते हुए .	పరి చ యం చేయడం నాకు చాలా సంతోష ంగా ఉంది .	0.5385
पता नहीं , मुझे समझ नहीं आया	ఏ మో , నాకు కూడా తెలీదు	0.4247
तुमहें सच में लगता है मैं शो में पर दर शन कर सकती हूँ ?	నేను నిజంగా ష ో లో పె ర ఫా మ చేయ గలను అనుకుంటుననా రా ?	0.5563
मुझे तो इस कम रे के बारे में पता भी नहीं था .	ఈ రూ మ ఉ ందని నాకు తెలీ నే తెలీదు .	0.5473
यह टे ढ ी - मे ढ ी इ ध र लगे गी .	ఈ వం పు లు ఉనన దానిని ఇకకడ పెటట ాలి .	0.5375
लगता है तुमने अचछा पर दर शन नहीं किया था ?	కానీ మీరు బాగా వా యి ంచ లేదు కదా ?	0.4849
माफ ी चाहता हूँ मैंने तुम पर पर दर शन करने के लिए जो र डा ला .	పె ర ఫా మ చేయ మని ఒ తతి డి చేసిన ందుకు కషమించు .	0.5754
तुमहें स द मा तो नहीं लग गया ?	నువవు షా క లో ఉననా వా ?	0.4913
अगर तुमने ऐसे किया तो बि ज ली की पूरी पर ण ा ली पर बहुत भा र डाल दो गी .	నువవు అలా చే సతే మొతత ం సర క యూ ట ఓ వర లో డ అయి పో తుంది .	0.6216
लगता है हमें आगे बढ ने के लिए न ई तरह के रा स ते पर चल ने की कोशिश करनी होगी .	అయితే గో డ లు అనే వి నిజంగా నే మనం న డి చే ఫ లో రలు అనన మాట .	0.6050
बा ह री - श ून य ता के परा ण ी वा सत व में हैं , इसका कोई सब ूत नहीं है .	గర హా ంత ర వా సు లు ఉననారు అని ఎలా ంటి ఆ ధా రం లేదు .	0.6058
इसकी बरा ब री करना मुशकिल है .	దానని మి ంచడం కష ట మే .	0.5008
मैंने इसे कुछ ब लू परि ंट पर देखा हुआ है .	నేను ఇంత కు ముందు కొనని బ లూ పరి ంట ల మీద దీని ని చూశా ను .	0.5494
. . . अ त य धि क अ ति आत म विश वास . . .	. . . అ తి వి శ వా సం . . .	0.6457
पै र ज मा कर रख ो .	గ టటి గా ఒ తతి డి పెటటు .	0.4910
हो सकता है . पर शायद मुझे बाहर निकल ने का रा सता मिल गया है . मेरे पीछे आओ .	కా వచచు . కానీ నేను బయటకు దా రి కని పెటటా ను . ననను ఫ ాలో అవ వు .	0.6011
कया भूल गए कि तुमहारी मदद के कारण हम इस स थि ति में फ ँ से हैं ?	అసలు ముందు నువవు సాయం చేయ డానికి పరయతని ంచడం వల లే ఇలా జరిగి ందని నీకు మళళీ గురతు చేయ ాలా ?	0.5517
मुझे कोई चिंता नहीं थी .	నా కే ం చి ంత లేదు .	0.4781
कहीं इसमें स ॉ स तो नहीं ?	దీని లో సా స ఉందా ?	0.3895
. . . और शर मी ला प न .	. . . అలాగే సి గ గు లాంటి వి .	0.5451
वह हमेशा यही चाहते थे . मैं जानता हूँ वह चा हें गे कि आप फिर से कोशिश करो .	నువవు ఆ పని చేయడం వా రికి మొదటి నుండి తీ రని కో రిక . నువవు మళళీ పె ర ఫా మ చేయ ాలని వారు ఖచచితంగా ఆ శి సతారు .	0.5669
और अगर नहीं भी कर पा ई ं , तो ऐसा तो है नहीं कि तुम यहाँ किसी को नि रा श करो गी .	అలాగే బాగా వా యి ంచ లేక పోయి నా , ని రా శ పడ ే వారు ఎవరూ లే రు .	0.5622
मैं कोई रा य नहीं बना ऊँगा .	నేనే ం మిమమలని తపపు బ టట డం లేదు .	0.5225
और इसी ब हा ने वह साथ मिल कर काम करना सी ख जाएँगे .	అలాగే వారు కలిసి పని చేయడం గురించి తెలుసు కో వడానికి ఇది మంచి అవకా శం .	0.4667
जैसे किसी बा ह री - श ून य ता के परा ण ि यों का ?	నీ ఉదదేశం గర హా ంత ర వా సు ల నా ?	0.5702
अजीब है , कैसे हमें सि खा या जाता है कि हम दूसरे परा ण ि यों के साथ खु ल कर बात करें	చినన పపుడు మనకు ఇ తరు లను అరథం చేసుకో వాలని నే ర పి ంచారు కానీ	0.5598
तुमहें सा री मे ज ों पर क प डा मार ना होगा और फिर श ौ चा ल य साफ करने होंगे .	టే బు లస అన నీ ఖ ా ళ ీ చేసి టా యి లె టలు శు భ రం చేయాలి .	0.6082
अपने मन की उस आवा ज को मत सुनो .	నీ బు ర ర లో వి ని ప ంచే ఆ స వ రా నని ప టటి ంచుకో కు .	0.5056
लगता है कुछ तार ें इस ए का श म पर ब ने	చూ సతు ంటే శి లలో ఉనన పో ర ట ల నుండి కొనని క నె కష నలు	0.5772
आ शा है , वह दि शा इस चो टी से नीचे की ओर नहीं है .	అది ఈ శి ఖ రం నుండి కింద కి కా కూడ దని నా ఆ శ .	0.6045
कोशिश करो तो आगे बढ ने के रा स ते मिल ही जाते हैं .	గో డ లు అనే వి మనం న డ వడం నే రచు కో వాల సిన ఫ లో రలు లాంటి వి మాతరమే .	0.5837
और एक चीज है जो मुझे हमेशा है रा न करती है .	కానీ ఒకక విషయం మా తరం ననను నిర ంత రం ఆ శ చ ర యా నికి గురి చే సతు ంటుంది .	0.5592
क दम बढ ा ओ .	అడుగు .	0.2319
माफ ी चाहती हूँ .	కషమి ంచండి .	0.3518
हाँ .	సిదధ ం .	0.2382
मुझे आप पर गर व है .	నినను చూ సతు ంటే గర వ ంగా ఉంది .	0.4345
मैंने अपनी सं ता न की कला स के सामने पर दर शन करके उनकी इ चछ ा का सम मान करने की कोशिश की .	వారి కో రిక ను నిజం చేయ ాలని నేను మా బి డ డ క లా సు లో పె ర ఫా మ చేశా ను .	0.5599
नहीं . ग ड ढ े का रह स य मुझे उ द देश य दे ता है .	వదదు . ఈ లో య లలో ఉనన మి సట రీ నా జీవి తా నికి ఒక అరథ ా నని ఇ సతోంది .	0.6050
वा कई शान दार हैं , पर पत थ र ों की ता री फ करते रह ने से हम के यर फु ल ना ओ में जलदी नहीं पहुँच जाएँगे .	నిజ మే , కానీ రా ళ లను చూ సి ము రి సి పో తే కే ర ఫ ు ల నవ కి తవర గా క రె ంటు అంద దు .	0.6784
पर जो उस खत रे को नजर अं दा ज करके	కానీ ఆ రి స క ని స హి ంచి , సట ే జి మీద తమ అసలు త నా నని	0.5431
इसे समझ ना मुशकिल है .	చాలా క థ ఉంది .	0.4392
ते ज आ ँच में सि ं के हुए आ लू . जयादा आ ँच ?	ఫ రె ంచ ఫ రె స . బాగా వే డి గా ?	0.5831
काफी संभा वना है , पर हमें यह करना ही होगा .	ఉండ ొ చచు , కానీ వే రే దా రి లేదు .	0.4949
तुमने पहले कभी ऐसा कुछ देखा है ?	నువవు ఇంత కు ముందు ఎపపుడ ెనా ఇలా ంటి దానిని చూశా వా ?	0.4688
सट े ज पर अपनी सं वे द न शी ल ता दिखा ने को तैयार हैं ,	చూ ప డానికి ధ ె ర యం చె సే వారి కోసం	0.5592
यह किसी म शी न की आवा ज तो नहीं थी , है ना ?	అది మె షి న శ బ ద ం కాదు , కదా ?	0.5566
आ शा है तुम समझ रही हो .	మీరు ఇది అరథం చేసు కుంటా రని నా ఆ శ .	0.5168
हमें अपने फा लत ू के हु नर दिखा एँ	మీ ట య ాల ె ంట చూ ప ండి అ మి త మెన ట య ాల ె ంట స కార య కర మ ం	0.4763
अपने - अपने पो रट से निकल गई हैं .	తీ సి వే య బడ డ టటు ఉంది .	0.5481
खुशी और ग म , साह स और डर	సంతోష ం ఇంకా వి చా రం , ధ ె ర యం అలాగే భ యం	0.4639
मेरी इ चछ ा हुई कि उस ए ह सा स को एक बो त ल में बंद कर ल ूँ	ఆ ఫీ లి ంగ ని ఒక బా టి ల లో పటటు కు ని	0.5520
चल ें ?	వెళ దా మా ?	0.2735
वह चाहते थे कि मैं अपना हु नर दूसरे परा ण ि यों को दिखा ऊँ .	వారు కూడా నేను నా ట య ాల ె ంట ని ఇ తరు ల ముందు చూపి ంచ ాలని కో రు కుననా రు .	0.6037
मैंने दो बार देखा था , बिलकुल स ॉ स नहीं है	నేను మళళీ చె క చేశా , ఏం లేదు	0.5302
न ू ड ल स का ढ े र पर त ों के साथ	ఒక ల సా నయా ప లే టు	0.5304
और ऊँ चा बो लो .	మంచి ఎ ఫె క ట తో చెపప ండి .	0.4210
टे लै ंट शो !	ట య ాల ె ంట కార య కర మ ం !	0.3917
ठीक है .	సరే .	0.3254
वाह !	అదభు తం !	0.2553
और अभी भी वै सा ही है कयोंकि लगता है अब हम उस रा स ते से वापस नहीं जा सकते .	అలాగే మనం ఇపపుడు వెన కకు వెళల లే ం అను కు ంట .	0.5373
मुझे पता है तुम तैयार हो .	మీరు సిదధ ంగా ఉననా రని నాకు తెలుసు .	0.4993
मुझे अपनी पै र ों की न लिया ँ दो .	నీ సా క సు లు ఇవ వు .	0.5442
पर उसने उनके दिल को छ ू कर उनहें रु ला तो दिया .	కానీ వాళళు ఏ డ చే లా చేశారు కదా .	0.4840
मुझे भी नहीं आ रहा .	నాకు కూడా .	0.3660
मेरी पै र ों की न लिया ँ !	నా సా క సు లు !	0.5017
मैंने अभी तक सोचा नहीं .	ఇంకా తెలీదు .	0.3493
- अचछा , एक , दो , तीन , चलो ! - रुको . मैंने हाँ नहीं कहा !	- సరే , ఒకటి , రెండు , మూ డు , ప దా ! - ఆగు . నేను దీ నికి ఇంకా ఒ పపు కో లేదు !	0.6793
मेरा वि चार है कि वे हैं .	నే నె తే వాళళు ఉననా ర నే అనుకుంటా .	0.4802
इससे बेहतर कर सकती थी .	ఇంకా బాగా శు భ రం చేయ ొ చచు కూడా .	0.4255
शर मि ंदा होना स फ ल ता की एक आ धा र शि ला है .	వి జ యానని కూడ గ టటు కో వాలి అంటే ఇలా ంటి సి గ గు తో కూ డి న స ంద ర భ ాలను ఎదు ర కో వాల సి ందే .	0.5358
तुम हो .	నీకు అది తెలుసు .	0.3512
सब कुछ !	చాలా సంబం ధం ఉంది !	0.2473
चा हो तो मैं तुमहारी गि टा र का स वाद च ख सकती हूँ ?	మీ గి టా ర ని రు చి చూడ మ ంటా రా ?	0.4934
तुमहारे लिए ? शुकर है ल ॉर ब पर भ ु का .	అవునా ? హ మమ యయ .	0.4650
ने थ न ड बल यू पा इ ल की पु स तक श ृ ं ख ला पर आ धा रि त	నే థ న డబ ల యూ పె ల రా సిన పు సత క సి రీ స ఆ ధా ర ంగా రూ పొ ంది ంచ బడి ంది	0.6769
