अचछा, लिलीबग.	సరే, లిలలీబగ.
एक लडकी जिसमें कई राज छुपे थे.	రహసయాలు తెలిసిన అమమాయి ఉండేది.
एक समय पर, एक शहर था,	అనగనగా ఒక ఊరు ఉండేది,
एक समय पर, एक खेल था.	అనగనగా, ఒక ఆట ఉండేది.
पैनिक	పానిక
मैं बहुत बेकार गरलफरेंड हो सकती हूँ.	నేను చాలా ఘోరమెన పరేయసిని అవుతానేమో?
-ऐसे मत करो. -कया?	-అలా చేయకు. -ఏంటి?
दोनों इसमें शामिल नहीं हैं?	అయితే వాళళిదదరూ ఉననారంటావా?
मतलब, रे हॉल.	అతను, రే హాల.
कि उसे कया चाहिए, उसे कैसे हासिल करे.	ఎవరి గురించి, దేని గురించి ఆలోచించడు.
पापा की गाडी उससे महंगी है.	మా నానన కారు అంతకంటే ఎకకువ.
अचछा लगता होगा जब सारे खरचे पिता संभाले.	అననిటికీ చెలలించే నానన ఉండడం బాగుంటుంది.
मेरा हाथ छोडो, बिशप.	నా చేయి వదులు, బిషప.
हाँ. कोरटेज को जब पैनिक के बारे में पता चला, तो शक हो गया था,	అవును. కోరటెజకు పానిక గురించి తెలిసినపపటి నుండి అనుమానించాడు,
उसे अंदर का रासता चाहिए था.	అతనికి లోపలికి దారి కావాలి.
-कोरटेज को वही चाहिए. -यह बदले के लिए कर रहे हो?	-కోరటెజకు కావాలసింది అదే. -ఇదంతా పరతీకారం కోసమా?
तो, तुमने उससे कया कहा?	అయితే, నువవు ఏం అననావు?
मुझे. . .	నాకు. . .
अपनी माँ से लडाई हो गई.	అమమతో గొడవపడడాను, అంతే.
चलो. मारो मुझे.	రా. ననను కొటటు.
निशाना थोडा नीचे लगा.	నీ లకషయం కాసత చిననది.
उसे निकालने के लिए, तुम आगे से गुजर जाते?	మంటలలో నుండి వెళళి ఆమెను కనుగొంటావు, కదా?
दिमाग में घूमती तसवीरों को देखते,	నీ తలలో తిరుగుతునన బొమమలను చూసతూ,
मुझे लगा कि तुम खुश होओगे.	నువవు సంతోషిసతావనుకుననాను.
-इसकी अभी लत छूटी है. -हंट के लिए नहीं आया, शॉना.	-అతను ఏ నేరం చేయలేదు. -నేను హంట కోసం రాలేదు, షాన.
-यहाँ कयों आए हो? -तुमहारे लिए.	-ఇకకడకు ఎందుకు వచచావు? -నీకోసం.
मैं तुमहारी चुनौती लडूँगा. देखो.	నేను నీ సవాలు కోసం వచచాను. చూడు.
पहले से ठीक लग रहा है?	నీకు బాగా అనిపిసతుందా?
अचछी बात है.	నీకు మంచిది.
मायरा कैंपबेल?	మెరా కయాంపబెల?
एक वही ऐबी को वो चिटठियाँ लिख सकती थी.	ఆబీకి ఆ చీటీలు రాయగలిగింది ఆమె మాతరమే.
"खेल से निकल जाओ, वरना, " इस तरह की.	"ఆటనుండి తొలగిపో, లేదంటే, " లాంటివి.
कल, हम खेल देखने जाएँगे, तुम खुद देख सकती हो.	రేపు, మనం పొలం చూదదాము, అది ఎలా ఉంటుందో చూడు.
-गुड नाइट. -गुड नाइट.	-శుభరాతరి. -శుభరాతరి.
यह कया?	ఏంటిది?
कैसी चीज को?	ఎలాంటి చెతత?
अचछा? और बाकी की आधी?	అవునా? మరి మిగతా సగం?
-हम कहाँ जा रहे हैं? -लाशों वाली जगह.	-మనం ఎకకడికి వెళుతుననాం? -శవాల వదదకు.
मुझे डिगिनस परिवार में जनम लेना था.	నేను డిగగినస కుటుంబంలో పుటటాలసింది.
पिछली गरमियों में एक लॉकर में दो-दो थे.	గత వేసవిలో, మేము లాకరలలో రెండు పెటటాము.
सोने के बाद उतना छोटा नहीं लगता.	నీకు నిదరపటటాక ఇది చిననగా ఉండదు.
डरू!	డరూ!
नहीं.	లేదు.
तुमहें बस शककर की गोलियाँ खानी थीं.	నువవు చేయాలసిందలలా ఆ పంచదార మాతరలే.
-शॉना. -कया?	-షాన. -ఏంటి?
डेना?	డేనా?
वे हमारी योजना जानते हैं.	వాళళకు మన పరణాళిక తెలుసు.
डेना! धत.	డేనా! ఛా.
डेना!	డేనా!
विशेष परदरशन आज रात बार में	ఈరాతరి బారులో పరతయేక పరదరశన
कसम से, यार, अगर कोई गंदी फिलम हुई तो,	నిజంగా, నేసతమా, ఆ సకరీన మీద పోరన వేసతే
हेदर?	హేథర?
जलदी में बुलावा आया था.	అతయవసరంగా రమమని పిలుపు.
पर तुम तो खेल नहीं रही.	కానీ నువవు ఆడడం లేదుగా.
अरे, मुझे समोसे लाने चाहिए थे.	అబబా, పాపకారన తెచచుకోవాలసింది.
यह कया देख रही हूँ?	నేను ఏం చూసతుననాను?
-मुझ पर भरोसा नहीं करती. -बस करो!	-అపపుడు తను ననను నమమదు. -ఆపేయండి.
-हेदर? -नैटली, साँस लो, ठीक है?	-హేథర? -నాటలీ, శాంతించు, సరేనా?
-वह कहाँ जा रही है? -उसे अकेला छोडो.	-ఎకకడికి వెళుతుంది? -ఒంటరిగా వదిలేయ.
सारजणट लैंगली?	సారజంట లాంగలీ?
मेलनी?	మెలని?
हाँ.	సరే.
आप ठीक तो हैं?	బాగానే ఉననారా?
अचछा, शांति रखो.	సరే, శాంతించండి.
"डर नहीं कि तुमहारी माँ को पता चल जाएगा कि उनकी अचछी बेटी झूठी है? "	"తన కూతురు అబదధం చెబుతుందని, మీ అమమకు తెలుసతుందని మీకు భయమేయలేదా? "
यही तो कह रही हूँ. वह जिंदगी बरबाद की जिसने कभी जनम ही नहीं लिया.	అదే చెపపాలని అనుకుంటుననాను. ఎననడూ జీవించని జీవితానని నాశనం చేశాడు.
उसकी माँ ने चिटठियों के बारे में बताया, पर पकका पता नहीं चला.	వాళళ అమమ బెదిరింపు ఉతతరాలు పరసతావించింది, కానీ చూడలేకపోయాను.
"झूठे परतिनिधितव के चलते और चुनौतियों को पूरा न करने के लिए.	"అవసరమెన సవాళళను పూరతిచేయడంలో తపపుడు పరాతినిధయం మరియు వెఫలయం.
वह पिता को बता देती कि मैं बेटियों को नहीं संभाल सकती.	నేను నా కూతుళళను చూసుకోలేనని ఆమె వాళళ నాననకు చెబుతుంది.
हंट, लीला, अचछी बात है कि तुम हमसे बात करने के लिए आए.	హంట, లీలా, మీరు మాతో మాటలాడటానికి వచచినందుకు అభినందనలు.
तुम 50, 000 की बाजी के लिए जिंदगी से खिलवाड कर रही हो.	50, 000 డాలరల పందెం కోసం నీ జీవితం మారచేసుకుంటుననావు.
लूक के बारे में सच बता दो, शायद कोरटेज तुमहें छोड दे.	లూక నిరూపించబడకపోతే, అపపుడు బహుశా కోరటెజ నీ దాకా రాడు.
जजों का फैसला है कि तुम वयकतिगत चुनौती में हिससा लोगी.	నువవు నీ వయకతిగత సవాలును కొనసాగించవచచని తీరమానించారు.
जितने घंटे अंदर रहोगे, हर घंटे के 10 अंक मिलेंगे. . .	నీకు అందులో ఉనన పరతి గంటకు 10 పాయింటలు, అందుకని. . .
या फिर कॉलेज जाकर तुमहें किसी और से पयार हो सकता है.	లేదా నువవు కాలేజీకి వెళళి ఇంకెవరినెనా పరేమిసతావేమో.
कोई और उसे नहीं रोक सकता, पर किसी को जरूरत भी नहीं.	ఎవరూ తనను ఆపలేరు, మరెవరికీ తనను అపాలసిన అవసరమూ లేదు.
हेदर ने कहा कि लोग पैनिक पर शरतें लगा रहे हैं.	జనం పానికపెన పందాలు వేసతుననారని, హేథర అనింది.
कि भटके हुए जानवरों को बचाने का नाटक करती है.	సంరకషకురాలిగా, ఆ వీధిలోని వాళళను తీసుకొసతుంది.
उसे जिंदगी भर वहीलचेयर के सहारे रहना होगा, रे.	ఆమె తన జీవితాంతం ఆ చకరాల కురచీలో ఉంటుంది, రే.
अब तुम उसे बचाने की कोशिश कर रही हो. सच में?	నువవు ఇపపుడు అతనని సమరథిసతుననావా. నిజంగానా?
पर शायद हॉल परिवार को यही करना आता है, हाँ?	కానీ హాల కుటుంబం అలాంటిదే అనుకుంటా, ఏమంటావు?
तुमहारी मनपसंद फिलम में मुझे बात करनी है?	మనం నీకు ఇషటమెన సినిమా గురించి మాటలాడతామా?
पिछले साल के बारे में झूठ नहीं कहना था.	గత ఏడాది గురించి అబదధమాడకుండా ఉండాలసింది
"जान जाएँगे कि तुमने बचचे को मार डाला. "	"నువవు పాపాయిని చంపేశావని తెలుసతుంది. "
-लूक की तरह. -तुम उसे नहीं जानते, बिशप.	-లూక లాగానే. -నీకు అతను తెలియదు, బిషప.
कोई आएगा तो मेरा अकेलापन दूर हो जाएगा.	దేవుడికే తెలుసు నాకు తోడు ఎంతగా కావాలో.
जैसे उसे ठीक किया जा सकता है या बदला जा सकता है, सब पहले जैसा हो सकता है.	ఏదో సరి చేయవచచు లేదా మామూలుగా అయిపోతుంది, అసలు ఏమీ జరగనటటుగా మారచేయవచచనటటు.
"नियमों का पालन करो, कोई मुशकिल नहीं.	"నిబంధనలు అనుసరిసతే మీకు హాని జరగదు.
-मजाक कर रहे हो. यह बकवास है. -बकवास?	-పరాచికాలా. ఇది చెతత పని. -చెతత పనా?
-उससे झूठ कहा? -उसने मुझसे झूठ कहा.	-అబదధం చెపపావా? -తను అబదధం చెపపింది.
शरतें लगवा रहा है, तुम भी शामिल हो.	లూక పందేలు కాసతుననాడు, నువవు కూడా.
तुम आँखों पर पटटी लगाकर चलते जाओगे,	నువవు కళళకు గంతలు కటటుకుని నడుసతూ,
तो तुम इतनी अचछी कैसे निकली, हाँ?	అయితే నువవు ఎలా మంచిదానివి అయయావు?
भगवान कसम, मैं तुमहें मार डालूँगा!	నినను చంపేసతాను, దేవుడి మీద ఒటటు!
शॉना ने खेल छोड दिया, वह बाहर है.	షాన మానేసింది, అందుకని ఆటలో ఉండదు.
या सथानीय हेलपलाइन से संपरक करें.	లేదా సథానిక హెలపలెనను సంపరదించండి.
अगर तुम सही हो, और लूक लोगों को पैनिक पर शरत लगाने को कह रहा है,	సరే, ఆ విషయంలో నువవు కరెకటే అయితే, లూక పానికపెన పందాలు కాసతుననాడు,
इसलिए नहीं चाहता था कि तुम खेलो.	అందుకే నేను నినను ఆడవదదని అనింది.
तीन दिन से फोन का जवाब नहीं दिया.	ఫోన ఎతతకుండా మూడు రోజులు అయింది.
मुझे एकाउंटेंट बनना ही नहीं था.	నాకు అసలు అకౌంటెంట కావాలనే లేదు.
-डॉज की बहन? -मुझे एक बात बताओ,	-డాడజ చెలలికా? -నాకు ఒకటి చెపపు,
माफ करना, हमारे लिए छुपाना पडा.	మిమమలని సంరకషకురాలిగా చెపపాను.
पर हालात बदल जाते हैं, ठीक है?	కానీ పరిసథితులు మారతాయి, సరేనా?
कभी ऐसी चीज को हाथ नहीं लगाती.	ఈ చెతత ఏనాటికీ ముటటుకోను, టెలర.
-नैटली, कया बात है? -कुछ नहीं.	-నాటలీ, ఏం జరిగింది? -ఏమీ లేదు.
ढेरों की कमाई करता है, और तुमहें नहीं लगता कि कोई संबंध है?	ఈ ఏడాది రే గెలవబోతుననాడు, ఇంకా అతనికి సంబంధం లేదనుకుంటుననావా?
और तुमने अपना मन बदल लिया. . .	నువవు నీ మనసు మారచుకుంటే. . .
वह तुमहें कुछ सलाह दे पाएँगे.	ఆయన నీకు కొనని సూచనలు ఇవవగలరు.
मुझे लूक की कशती पर यह मिला.	నాకు ఇది లూక పడవలో దొరికింది.
उसने कॉलेज में अरजी नहीं दी.	తను కాలేజీకి దరఖాసతే చేయలేదు.
कयोंकि तुमहें पता था, है न?	ఎందుకంటే నీకిది తెలుసు, కదా?
तुम घोडे पर कैसे बैठ पाओगी?	నువవు గురరం మీద ఎలా ఉండగలవు?
हम जबसे यहाँ आए हैं, जो हुआ, हर बात उसी को लेकर होती है.	మనం ఇకకడికి వచచినపపటి నుండి, అంతా జరిగిన దాని గురించే.
इनमें आधी शायद एसपिरिन हों.	ఇందులో సగం ఆసపరిన అయిండవచచు.
अगर डॉज ने नैटली की मदद की, तो फिर वह कयों खेल रहा है?	డాడజ నాటలీకి సహాయం చేసి ఉంటే, అతను ఎందుకింకా ఆడుతుననాడు?
यह कह रहा हूँ कि अगर डर है कि मुशकिल में फँस जाओगी. . .	ఏం చెబుతుననానంటే, ఏమెనా అవుతుందని అంత భయపడుతుంటే. . .
जो हुआ, उसके लिए नयाय पाना	జరిగిన దానికి నయాయం పొందడం,
अभी से कमी महसूस हो रही है.	ఆ, ఇపపటికే మిస అవుతుననాను.
डेना! मुझसे बातें करती रहो!	డేనా! నాతో మాటలాడుతూ ఉండు!
पर सटटेबाज अपराधी होता है.	కానీ ఇనఛారజగా ఉండడం నేరం.
लिली को उनसे कहीं अचछे से संभाल सकती हूँ, इसलिए. . .	నేను లిలలీని ఆమెకంటే బాగా చూసుకోగలను, అందుకని. . .
हम गाडी लेकर कलीनिक तक गए,	మేము కలినిక వరకూ వెళళాము,
होम अवे मोटर आवास एवं सराय	హోం అవే మోటార లాడజ అండ ఇన
डेना, मेरी आवाज आ रही है?	డేనా, నా మాట వినిపిసతుందా?
"जजों के आदेश अनुसार, नैटली को अयोगय बताया जाता है,	"నయాయనిరణేతల ఆదేశాలమేరకు, నాటలీ విలియమస అనరహురాలు
-देखो तो सही. -तुम बताओ.	-నినను చూడు. -నినను చూడు.
पर खेल के बारे में उतना नहीं पता था या कैसे मुकदमा तैयार किया जाए, इसलिए	కానీ అతనికి ఆ ఆట ఇంకా అది ఆడే తీరు గురించి కేసు పెటటేందుకు సరిపడ తెలియలేదు.
उस तरह से हम उसे पकडेंगे.	అతనని అలానే పటటుకుంటాము.
डेना के लिए खेल रहा हूँ.	నేను డేనాకోసం ఆడుతుననాను.
-उनहोंने मुझे नीचे बंद कर दिया. -घबराओ मत, ठीक है?	-వాళళు ననను ఇకకడ కింద పెటటారు. -శాంతించు, సరేనా.
तुमने वीडियो में माना कि मुझे तहखाने में बंद किया.	ననను భూగరభంలో తాళం వేశానని వీడియోలో ఒపపుకుననావు.
इसलिए पिछली चुनौती में, मैंने पीले रंग वाली चुनी.	చివరి సవాలులో అందుకే పసుపుపచచది కటటించుకుననాను.
-जंप के बाद मैं खतरा नहीं ले सकती थी. -हम समझ गए!	-దూకాక, నేనా రిసక తీసుకోలేను. -ఆపండి, అరథమెంది!
आतमा को शांति मिले जिमी	జిమమీ అతమకు శాంతి కలగాలి
अपने भाई से कहना कि मैं उससे मिलना चाहता हूँ.	కలుసుకోవాలని అనుకుంటుననానని మీ సోదరుడికి చెపపు.
मेरे लिए तैयार हुए हो?	నువవు నాకోసం తయారయయావా?
बस? माफी नहीं माँगोगी?	అంతేనా? కషమాపణలు కోరవా?
बोली कि तुमहें और लिली को कुछ देर रहने को कहा.	కొంత కాలం నినను, లిలలీని ఉండమననటటు చెపపింది.
उसे पैसों की जरूरत थी?	అతనికి డబబు అవసరం ఉందా?
तुम यहाँ कया कर रही हो?	నువవికకడేం చేసతుననావు?
पयार में दो किशोर थे,	పరేమలో ఇదదరు టీనేజరలు,
वह डॉज की बहन डेना थी.	అది డాడజ సోదరి, డేనా.
मुझे सही साबित कर दो.	నేను నిజమని నిరూపించు.
जिमी ने बंदूक बदली थी.	జిమమీ తుపాకీ మారచాడు.
एक बात कहूँ? शायद अब तुम मुझे नहीं जानते.	ఒకటి చెపపనా? నీకు ఈమధయ నేను తెలియడం లేదేమో.
यह कोई चुनौती नहीं हो सकती. यह असलियत है.	ఇది నిజమెన సవాలు కాదు. ఇది చాలా వాసతవమెనది.
आरडर फारम और 26 डॉलर.	మంగళవారానికి ఇవవాలి.
"कल सभी जान जाएँगे कि तुम एक रखैल हो. अगर तुमने न छोडा तो वे	"రేపు, అందరికీ నువవు వయభిచారివని తెలుసతుంది. నువవు వదిలేయకపోతే,
नैट से नहीं पूछ पाई.	నేను నాటను అడగలేను.
मेरे और लिली के बारे में शेरिफ को बताया?	షెరీఫకు లిలలీ ఇంకా నా గురించి చెపపావా?
मुझे बताया कयों नहीं कि मुशकिल में हो?	నువవు సమసయలో ఉననావని నాకెందుకు చెపపలేదు?
रिचरडस काउंटी शेरिफ	రిచరడ కౌంటీ పోలీసులు
तुमहें किसने बताया?	అది నీకెవరు చెపపారు?
हम अभी चल सकते हैं?	మనం ఇపపుడు వెళళవచచా?
तुम मुझे अंदर घुसाओगे, दरवाजा बंद करोगे,	ననను లోపలికి పంపిసతావు, తలుపు మూసతావు,
अचछा, रुक जाओ. रुको.	సరే, కాసత ఆగు. ఆగు.
किसी भी हाल में, मैं चाहे जो भी कहूँ,	ఎటటి పరిసథితులలోనూ, నేను ఏం చెపపినాసరే,
अपने माता-पिता, या दोसत, या किसी विशवसनीय बडे से बात करें,	దయచేసి మీ తలలిదండరులను, సనేహితులను, నమమదగిన పెదదవారిని,
पकका कर रहा हूँ तुम मुसीबत से दूर रहो.	నువవు ఏ సమసయలో లేవని తెలుసుకోడానికే.
शेरिफ रिचरडस काउंटी	షెరీఫ రిచరడస కౌంటీ
मंगलवार तक शिविर वारषिक पुसतक के लिए	కయాంప ఇయర బుక ఆరడర ఫారం ఇంకా 26 డాలరలు
यहाँ काम करके. . .	ఇకకడ పని చేసతూ. . .
मैं बुरी इंसान हूँ?	నేను చెడడ వయకతినా?
तुम कया कह रहे हो?	నువవు ఏం అంటుననావు?
मैं खेल के लिए अपना माल जाया करूँगा?	ఈ చెతత కోసం మతతు మందు పెడతాననుకుననావా?
ए, यह मजाक नहीं है!	హే, ఇది సరదా కాదు!
यह तो अजीब बात है.	అది విచితరంగా ఉంది.
हम में से कोई जीता तो पैसे बाँट लेंगे.	మాలో ఎవరు గెలిచినా డబబు పంచుకోవాలని.
और किसी ने जजों से तुमहारी चुगली की.	ఎవరో నీ గురించి నయాయనిరణేతలకు చెపపారు.
जानती नहीं कि मुझे कया झेलना पडता है.	నేను ఏం చెలలిసతుననానో నీకు తెలియదు.
हेदर, तुमने अपनी माँ की गाडी चुराई?	హేథర, నువవు మీ అమమ కారు దొంగిలించావా?
-डेना! -टेबल पर तुमहारी चिटठियाँ हैं.	-డేనా! -టెబుల మీద నీ ఉతతరం పెటటాను.
वह आखिर में थी, लूक हॉल के करीब थी.	చివరి సథానంలో ఉంది, లూక హాలకు దగగరగా.
यह बकवास है. ठीक है? कही-सुनी बात है.	అది చెతత. సరేనా? అది ఎవరో చెపపినది.
कुछ तो हर चुनौती के लिए 10-20, 000 डॉलर लगा रहे हैं.	ఒకకో సవాలుకు కొంతమంది 10 నుండి 20 వేల దాకా పెడుతుననారు.
अगर शेरिफ से बात न की होती तो यहाँ का पता नहीं चलता.	నేను షెరీఫను కలిసుండకపోతే, ఈ చోటును ఎపపటికీ కనుగొనలేను.
उसने मुझे लिफट दी.	అతను తీసుకొచచాడు.
तो फिर कया बात है?	మరి దేని గురించి?
तीन, दो, एक, जाओ.	మూడు, రెండు, ఒకటి.
दोसतो, खिलाडियों, पिछले परतियोगियों,	మితరులు, ఆడేవారు, మాజీ పోటీదారులు,
-लोग शरतें लगाते हैं. -हाँ. कितने गारंटी देते हैं?	-జనం పందేలు కాసతారు. -కాసతారు. హామీగా ఎంతమంది ఉంటారు?
कम से कम, वह जिनको भरती करता है, वे उसे टिप देते हैं.	కనీసం, అతను గదులలోకి తీసుకువెళితే జనం టిపస ఇసతారు.
मेरे पति ने बताया कि रूलेट में किसी ने बंदूक बदली थी,	నా భరత ఎవరో గత ఏడాది రోలెటలో తుపాకులు మారచారననారు,
रचनातमक परयवेकषक रवीनदर शंकर शुकल	కరియేటివ సూపరవెజర: రాజేశవరరావు వలవల
नहीं, तुम दोनों इतनी करीब हो, इनहें रुकने को कहो.	వదదు, ఆమెను ఉండమను, మీరిదదరూ చాలా సననిహితంగా ఉననారు.
कब उससे डरना चाहिए, और तुमहें फरक पता होना चाहिए.	ఎపపుడు భయపడాలో తెలుసుండాలి, దానికి తేడా తెలుసుండాలి.
कोई मुशकिल नहीं.	నేను సమసయలో లేను.
मारो मुझे, साले.	ననను కొటటు, వెధవ.
तुमहारे और लूक के बारे में पता है.	నువవూ, లూక ఏం చేసతుననారో తెలుసు.
मुझे नहीं खेलना.	ఆట వదిలేసతుననాను.
हेदर और मेरे बीच पहले तय हुआ था.	మొదట నేను, హేథర ఒపపందం చేసుకుననాం.
बहुत हो गया. वह जलदी कॉलेज चला जाएगा. यहाँ से दूर.	చాలు. తను తవరలోనే కాలేజీకి వెళతాడు. ఇకకడ ఉండడు.
तुम औरों को उललू बना सकते हो. . .	నువవు ఇతరులను మోసం చేయగలవు. . .
अपने भाई की तरह खेल तय कर रहे हो?	మీ అననలాగే ఆటను నిరణయిసతుననావా?
हेदर के बारे मैं यही सोचती हूँ.	నేను హేథర గురించి ఆలోచించేది అదే.
आँखों पर पटटी बंधी हो तो हर फैसला खतरनाक होता है.	కళళకు గంతలు ఉననపపుడు పరతి నిరణయం పరమాదకరమెనదే.
अफसोस की बात है.	అససలు బాగాలేదు.
भाड में जाओ तुम.	మీరంతా పోండిరా.
वह दो लोगों के लिए चोरी कर रहा था. शुकर है दुगने अंक नहीं मिले.	అతను ఇదదరికీ దొంగిలించాడు. ఇంకా నయం పాయింటలు అదనంగా రాలేదు.
टेकसस में जुआ गैरकानूनी नहीं,	టెకసాసలో జూదం చటటవయతిరేకం కాదు,
मैंने उसे तहखाने में जाते देखा.	తను భూగరభంలోకి వెళళడం చూశాను.
पहली रात सबसे भयानक थी. लगा कि हम नहीं बचेंगे.	మొదటి రాతరి దారుణం. చనిపోతానేమో అనుకుననాను.
डॉज को पकका नहीं जीतने देगा.	తను ఖచచితంగా డాడజను గెలవనీయడు.
तुमने मेरी जान ही निकाल दी थी.	నువవు ననను చచచేంత భయపెటటావు.
एक और बात. . .	ఇంకో విషయం. . .
-ले लो. -नहीं.	-వేసుకో. -వదదు.
लूक ने डॉज की बहन के साथ जो किया, उसके लिए जरूर पकडा जाएगा.	డాడజ చెలలికి అతను చేసిన దానికి ఎవరో ఒకరు సాకషయం ఇసతారు.
अब आप खुश हैं?	ఇక సంతోషమేగా?
मुझे नहीं पता.	నాకు తెలియదు.
पैसों की बात नहीं है, माँ.	అమమా, ఇది డబబు గురించి కాదు.
मुझे लगा कि अगर मैंने. . .	నేననుకుననాను ఒకవేళ నేను. . .
-उतनी कम परवाह है. -लूक ने तुमहारी जिंदगी बरबाद की.	-నాకంత పటటింపు ఉండడం లేదు. -లూక నీ జీవితం నాశనం చేశాడు.
मैं जीतना चाहता था, पर पैसों की उतनी सखत जरूरत नहीं थी.	నేను గెలవాలని అనుకుననాను, అంటే నాకు డబబు అంత అవసరం.
नैटली को छोडकर करमबदध रूप से खिलाडी थे डॉज, रे. . .	నాటలీని మినహాయించి, ఆడేవారు ఎవరంటే వరుసగా డాడజ, రే. . .
-जाने का समय हो गया. -अचछा.	-ఇక వెళళాలసిన సమయం. -సరే.
मैं डर गया कि आप सोचेंगे कि मेरा उसमें कोई हाथ था.	మీరు జరిగిన దానితో నాకు సంబంధం ఉందనుకుంటారని భయపడడాను.
तुम बाहर से घर पर नजर रखे हुए थी, डॉज ने तुमहें बचाया.	ఇంటి బయట గమనిసతూ ఉననావు, నీకోసం డాడజ తీసుకువచచాడు.
नाम डॉक मैजिक खिलाडी - संभावना - बाजी	పేరు డాక మాజిక ఆడేవారు - అంచనాలు - పందెం
-अभी अपने कोच का ईमेल मिला. -कौन से कोच?	-ఆ కోచ నుండి ఈ మెయిల వచచింది. -ఏ కోచ?
अचछा. मैं तुमहें बाहर निकालूँगा, ठीक है?	సరే. నేను నినను బయటకు తీసతాను, సరేనా?
अचछा. ठीक है.	సరే. మంచిది.
घिसी पिटी है.	సరవ సాధారణం.
पता था कि मैं इनहें फेंक नहीं सकती थी,	నాకు తెలుసు నేను అవి బయట పడేయలేనని,
मेरे लिए 30 घंटे काम करके	నాకు 30 గంటలు పనిచేసతూ,
-मुझे कोई डर नहीं. -अचछा?	-నేను భయపడలేదు. -నిజమా?
तो कया यह सिरफ एक चाल थी?	అయితే, ఏంటి, ఇది మోసమా?
शायद ऐबी का डांस वाला बैग बाकी सामान के साथ गायब हो गया.	బహుశా ఆబీ డానస బయాగ కూడా మిగిలిన సామాగరితో పాటు పడేసి ఉంటారు.
शायद लोग पैनिक पर शरतें लगा रहे हैं.	పానిక మీద పందెం కాసతుననారనుకుంటా.
मेरी बात है?	నా గురించా?
लूक ने किसी खिलाडी को खेल छोडने के पैसे दिए.	గత ఏడాది మరో ఆటగాడిని తొలగిపోవడానికి చెలలించాడు.
शुभकामनाएँ.	శుభాశీససులు.
एक समय पर किसी कातिल का बेटा था.	అనగనగా, ఒక హంతకుడి కొడుకు ఉండేవాడు.
किसी ने उसे असली बंदूक से बदल दिया.	అది ఎవరో అసలెన తుపాకీతో మారచారు.
हम वहाँ वापस नहीं जाएँगे. पुलिस जबरदसती नहीं कर सकती.	మేము అకకడికి తిరిగి వెళళము. పోలీసులు మమమలని బలవంతపెటటలేరు.
यूँ ही कह रही हो, है न?	హాసయమాడుతుననావు, కదా?
दो सनोबर लेकर खाली हिससे में रात के 10 बजे	రెండు చెటలు దాటి ఖాళీ సథలానికి రాతరి 10 గంటలకు
मैं तुमहें मार डालूँगा!	నేను నినను చంపేసతాను!
कयोंकि यह बहुत ही मुशकिल बात होती.	ఎందుకంటే అది చాలా కషటమెన ఆలోచన.
किसी ने सिर पर बंदूक नहीं तानी.	ఎవరూ నీ తలపె తుపాకీ గురి పెటటలేదు.
वह सपरलॉक निवास में थी ही नहीं.	ఆమె అసలు సపరలాక ఇంటిలోకి వెళళలేదు.
छोडो भी, उसे किसी इंसान या चीज की परवाह नहीं, सिवाय उसके	సరేలే, అతనికి తనకు కావాలసింది, అదెలా పొందాలననది తపప
अजीब बात यह है कि हम नयाय के जितने करीब जा रहे हैं,	తెలుసా, విచితరం ఏంటంటే, మనం నయాయానికి ఎంత దగగరవుతుననామో,
-चिटठियाँ? -धमकियाँ.	-చీటీలా? -బెదిరింపులు.
अभी तो सोने का समय है,	ఇపపుడు పడుకునే సమయం,
तुम सवागत कमेटी से हो?	సవాగతించేది నువవేనా?
-समझे तुम? -समझ गया.	-అరథమెందా? -అరథమయింది.
इसे ले लो.	అది వేసుకో.
पलीज मैं समझाती हूँ.	దయచేసి ననను వివరించనీ.
सच है. हमने तुमहारे मुँह से सुनी.	నిజం. అది నువవు చెపపగా విననాం.
एक पैसे वाले जज की इकलौती संतान.	ధనిక నయాయమూరతి ఏకెక కుమారుడు.
जज रैमजी को फोन करता हूँ और. . .	జడజీ రామసేకు ఫోన చేసతాను. . .
शुकरिया. गुड मॉरनिंग.	ధనయవాదాలు. శుభోదయం.
-नैट ने नहीं बताया. -शायद उसे पता नहीं था.	-నాట నాకు చెపపలేదు. -తనకు తెలుసనుకోను.
जज लोगों की तरफ से.	నయాయనిరణేతల సహకారంతో.
तुमहें उसकी याद आएगी?	అతనిని మిస అవుతావా?
नयोते पर कया लिखा था?	నీ ఆహవానంలో ఏముంది?
देखो, मेरा वह इरादा नहीं था.	చూడు, అది అనుకోకుండా వచచేసింది.
माफ करना. एक ही बीयर बची थी.	అందుకు కషమించు. ఒకటే బీరు ఉంది.
मुझे मुसीबत में डालने की कोशिश.	ననను ఇబబందులలో నెటటే పరయతనం.
-डरती हो कि सच सामने आ जाएगा? -तुम मर सकती थी.	-నిజం బయటకొసతుందని భయమా? -నువవు చనిపోయి ఉండేదానివి.
कया मतलब?	అంటే ఏంటి?
बडे अचछे मूड में हो.	మంచి మూడలో ఉననావు.
माफ करना, मेरी हालत कुछ ठीक नहीं थी.	ననను కషమించండి, నాకు గందరగోళంగా ఉండింది.
खेल में नहीं था. नहीं खेल सकता था. सीनियर नहीं था.	లూక ఆడడం లేదు. అతను ఆడలేడు. అతను సీనియర కాదు.
कया मतलब?	అంటే ఏంటి?
अचछा. तो, जिमी था, फिर तुम, और उसके बाद. . .	సరే. అయితే, మొదట జిమమీ, తరువాత నువవు, తరువాత. . .
पेश करेंगे नैटली विलियमस वयकतिगत चुनौती	తారాగణం నాటలీ విలియమస వయకతిగత సవాలు
-हैलो. -हैलो. आप कैसी हैं?	-హాయ. -హే, అమమాయ. ఎలా ఉననావు?
जब शेरिफ बाहर आकर रुके, तो लगा कि कुछ बुरा हुआ होगा.	ఇంటి దగగరకు షెరీఫ రాగానే, ఏదో దారుణం జరిగిందని అనుకుననాను.
डॉज और मेरे बीच तय हुआ था.	డాడజ, నేను ఒపపందం చేసుకుననాం.
नहीं, मैं जीतने की कोशिश करता रहा.	లేదు, నేను గెలవాలని పరయతనం చేసతుననాను.
पर मायरा कैंपबेल?	కానీ మెరా కయాంపబెల?
मजाक कर रहे हो न?	జోక చేసతుననావు కదా?
जिमी रूसी रूलेट पर टरेनिंग वाली पिसतौल लाया था.	జిమమీ శికషణ తుపాకీని రషయన రొలెటకు తెచచాడు.
पता है तुमहारी समसया कया है?	నీ సమసయ ఏంటో నీకు తెలుసా?
जिसके पास पहले से काफी पैसे हों, उसके लिए 50, 000 कोई जयादा नहीं.	50, 000 డాలరలు నీలాంటి అతయంత ధనికుడికి పెదద మొతతం ఏం కాదు.
वह कभी अपनी कहानियाँ पूरी नहीं करती. कर भी ले तो, कुछ नहीं करेगी.	తను ఎపపుడూ తన కథలు పూరతి చేయదు. తను చేసేది, ఏమీ చేయకపోవడం.
मैं घर से नहीं भागी, मेरी बस. . .	నేను ఇంటి నుండి పారిపోలేదు, నేను. . .
ऐबी कलारक और जिमी कोरटेज समारक कहानी कमरा	ఆబీ కలారక మరియు జిమమీ కోరటెజ సమారక కథా సమయ గది
यह झूठ है. तुम मेरे बारे में वह सब नहीं कहोगी.	ఇది నిజం కాదు. నువవు నా గురించి అలా అనవు.
लडकी को मरने के लिए सडक पर छोडना, भाग जाना, गाडी चलाना.	ఒక అమమాయిని చావడానికి రోడడుపె వదిలేసి, పారిపోవటం.
मंगलवार. समझ गई.	మంగళవారానికి. సరే.
मैं. . .	నేను. . .
ऐसे चीजों का पहले से अनुमान लगाना और खुद से कहना	ఈ ఊహించి చెపపడం పరారంభించి, నీకు నువవే ఇలా ముగిసతుందని
खेल तय करने के लिए लौटकर आया है.	నగరానికి ఆటను నిరణయించడానికి వచచాడు.
इससे पहले कि चोट लग जाए, दफा हो जाओ.	నువవు గాయపడక ముందే ఇకకడనుండి పో.
-भरत मिलाप होगा. -देखा, यही बात.	-అది కుటుంబ కలయిక అవుతుంది. -చూదదాం.
इसके बारे में कया?	ఇది ఎలా ఉంటుంది?
एक छूट दी गई है.	మినహాయింపు ఇచచారు.
मतलब, जरा सोचो, हेदर. मुझे. . .	అంటే, అది ఆలోచించు, హేథర. నేను. . .
खुशकिसमत हो. यह महीना थोडा ढीला था.	అదృషటవంతుడివి. రదదీ తకకువ ఉంది.
लूक फायदा उठा रहा होगा.	లూక తనని వాడుకుంటుననాడేమో,
गरेबिल निवास में जब आग लगी थी, तब तुम भागे थे,	గరేబిల ఇంటిలో మంటలు అంటుకుననపపుడు, నువవు పారిపోయావా,
मुझे मदद नहीं चाहिए थी.	నేను సహాయంకోసం చూడడం లేదు.
खोए-पाए सामान से, लाइबरेरी ने कचरे के डिबबे दान दिए.	లెబరరీ లాసట అండ ఫౌండ లోవి బుటటలు దానం చేసింది.
-कमीने कहीं के! -मेरे पास कोई चारा नहीं था.	-చెతత వెధవ! -నాకు మరో దారి లేకపోయింది.
यह गलत है. मैं वह नहीं कह रहा.	అది సరి కాదు. నేను అననది అది కాదు.
तो, हम यहाँ अब और नहीं रहेंगे?	అయితే, మనం ఇకమీదట ఇకకడ ఉండడం లేదా?
हेदर को नहीं पता.	హేథరకు తెలియదు.
मैं चाहे जो भी करूँ, मुझे बाहर मत निकालना.	నేను ఏం చేసినా సరే, ననను బయటకు తీయకు.
कल सभी जान जाएँगे कि तुम एक रखैल हो. अगर तुमने न छोडा तो वे	నువవు వదిలి వెళళకపోతే, రేపు నువవు వయభిచారివి అని అందరికీ తెలుసతుంది
अकषरों का गलत इसतेमाल है, बेवकूफ.	వెధవ, పేరు సరిగగా రాయడం రాదు.
"हर बार घुमाने पर 30 अंक मिलेंगे तीन से तुम आगे बढ सकते हो	"తిపపిన పరతిసారి 30 పాయింటలు మూడుసారలు తిపపితే ముందుకు కొనసాగుతావు
अगर खेल तय कर रहा होता, तो जीत मेरी होती.	నేను ఆటను నిరణయిసతే, నేనే గెలుసతాను.
यह बहुत जरूरी बात है, इसलिए धयान से सुनो, ठीक है?	ఇది ముఖయమెనది, అందుకని బాగా విను, అరథమెందా?
मुझे नहीं पता. हमें पकका नहीं पता कि रे का इसमें हाथ है.	తెలియదు. మనకు ఇందులో రే ఉననాడని ఖచచితంగా తెలియదు.
कौन जानवर किसी लडकी को उस हाल में सडक पर छोडेगा?	ఒక అమమాయిని అలా రోడడుపె ఏ మృగం వదిలేసతాడు?
वहाँ लामा भी है?	లామాలు ఉననాయా?
तुम एक चटटान से कूद सकती हो, पर इसे नहीं ले सकती?	నువవు అంత పెదద కొండపెనుండి దూకగలవు, కానీ అది వేసుకోలేవా?
डिगिनस?	డిగగినస?
डिगिनस.	డిగగినస.
आपके पास थोडा समय है?	మీ దగగర ఒకక నిమిషం ఉందా?
उनहें लगता है कि आपने हमें यहाँ रहने की बात कही.	ఆమె మీరు మమమలని ఇకకడ మీతోపాటు ఉంచుకుననారని అనుకుంటుంది.
"बशरते तुमहारी किसमत तुमहारे लिए कहीं एंबुलेंस न ले आए"	"అదృషటం వెపు తిపపకపోతే బదులుగా అంబులెనస పిలవాలి"
घर से भाग जाना तो मुझे मुशकिल ही लगता है.	ఇంటి నుండి పారిపోవడం నాకు సమసయలానే అనిపిసతుంది.
जो शारीरिक अकषमताओं में माहिर हैं.	శారీరక వెకలయాల వారికి నేరపించడంలో దిటట.
उसे ढूँढ लिया तो तुम आगे जाओगे.	అది కనుగొంటే, నువవు ఉంటావు.
जहाँ तक मुझे पता है, उसने और जिमी ने कभी किसी को बचचे के बारे में नहीं बताया.	నాకు తెలిసినంత వరకు, ఆమె ఇంకా జిమమీ ఎవరికీ పాపాయి గురించి చెపపలేదు.
चाहता है लूक को जेल हो.	లూకను జెలలో పెడతాడు.
मैं आगे हॉल में हूँ.	నేను కింద హాలలో ఉంటాను.
अगर उसे लगा, तो मैंने कभी कुछ नहीं सुना.	అలా అనుకుని ఉంటే, నేను అలా అని ఎపపుడూ వినలేదు.
कोई मदद करो! समर! ए!	సహాయం చేయండి! సమమర! హే!
-यह सब, है न? -नहीं.	-ఇలా, కదా? -లేదు, లేదు.
कुछ लोगों के लिए यह मजा है, इसलिए. . .	కొందరికి, ఇది పారటీ, అందుకని. . .
डेना, मैं डॉज हूँ. आवाज आ रही है?	డేనా, డేనా, నేను డాడజను. వినిపిసతుందా?
तो, कया बात है?	అయితే, ఏంటది?
वारंट निकालने की बात करता हूँ.	వారెంట గురించి మాటలాడతాను.
वह मेरा दोसत है जो एक लडका है.	అతను అబబాయి ఇంకా నా ఫరెండ.
डरू, वापस आओ!	డరూ, ఇకకడకు రా!
-पलीज मेरी मदद करो! -डेना, तुम नीचे हो?	-నాకు సహాయం చేయండి! -డేనా, నువవు లోపల ఉననావా?
कोई रिमोट होगा.	రిమోట ఉండాలి.
डॉज का मुकाबला करने लायक नहीं.	డాడజను ఓడించేంత సమయం కాదు.
बहुत अचछे, समर.	మంచిది, సమమర.
तुम डॉज से मिलती हो. वह घर पर आना चाहेगा. . .	నువవు డాడజతో మాటలాడుతుననావు. అతనికకడకు వసతాడేమో. . .
उसके लिए मुझे कुछ करने की जरूरत नहीं.	దానికి నీకు నా సహాయం అవసరం లేదు.
आप बस माँ नहीं हैं.	నువవు అమమవి కావు అంతే.
इसमें बहुत खतरा है.	అది చాలా పరమాదకరమెనది.
नैटली ने धोखा किया, इसलिए उसके अंक मिटा दिए.	నాటలీ మోసం చేసినందుకు సకోర తుడిచేశారు.
इससे कोरटेज को कया फायदा?	అది కోరటెజకు ఎలా సాయపడుతుంది?
मैं तुमहारी असलियत जानती हूँ.	నాకు నీ అసలు రూపం తెలుసు.
मेरी कलारक ने ठीक कहा था. कोई तो ऐबी को बलैकमेल कर रहा था.	మేరీ కలారక చెపపింది నిజమే. ఎవరో ఆబీని బెదిరించారు.
तुमहें लगता है मैं यहाँ सोऊँगा?	నేను అకకడ పడుకుంటానని అనుకుంటుననావా?
-आपके पति बाहर गए हैं. -पता है.	-మీ భరత భయటకు వెళళారు. -నాకు తెలుసు.
चुप रहो, टायलर! ठीक है? मुँह बंद रखो.	నోరు మూసుకో, టెలర! సరేనా? నోరు మూసుకో అంతే.
बहुत चिंता हो रही है. कई दिनों से उसने फोन भी नहीं उठाया.	చాలా కంగారు పడడాను. తను ఫోన ఎతతక కొనని రోజులెంది.
लूक, कॉनरैड सपरलॉक और सडक वाली उस लडकी को लेकर वह अफवाह याद है?	నీకు సపరలాక ఇంకా అమమాయి గురించి, లూకపె వదంతి గురతుందా?
मतलब, छोडो भी.	అంటే, సరేలే.
पलीज, हमें एक मिनट अकेला छोड देंगी?	దయచేసి, మాకు ఒక నిమిషం ఇసతారా?
मैं बताता हूँ.	ననను చెపపనీ.
अचछा काम किया.	బాగా చేశావు.
लामा तुमसे मिलने को बेताब हैं.	లామాలు నినను కలవాలని అనుకుంటుననాయి.
बिशप को भूल जाओ. तुम जो सोच रही हो, वैसा नहीं है.	బిషప విషయం చాలు. అది నువవు అనుకునేది కాదు.
मैंने मन बदल लिया!	నా మనసు మారచుకుననాను!
मैंने मन बदल लिया!	నా మనసు మారచుకుననాను!
मैंने मन बदल लिया!	నా మనసు మారచుకుననాను!
यह बकवास नहीं.	ఈ చెతత కాదు.
जिसके पास यकीन करने को कुछ नहीं था.	ఒక కథలు తెలిసిన అమమాయి ఉండేది.
जान जाएँगे कि तुमने बचचे को मार डाला	వాళళకు నువవు పాపాయిని చంపేశావని తెలుసతుంది
मैं काफी देर तक उस बेकार कूलर में पडा रहा.	నేను ఆ చెతత కూలరలో చాలా సేపు ఉననాను.
वह गरेबिल तक भी नहीं पहुँची, अंतिम चार तो दूर की बात है.	ఆమె గరేబిలకు వెళళకూడదు, చివరి నాలుగులో ఉండకూడదు.
-हेदर ने चुनौती में भाग नहीं लिया. -उसके पास छुटकारा है.	-హేథర సవాలు ఆడలేదు. -తన దగగర ఇంకా ఇమయూనిటీ ఉంది.
पुलिस लिटल बिल केली के लिए मेरे पीछे पडी है, तो, हाँ, हरगिज नहीं.	ఇపపటికే పోలీసులు ననను లిటిల బిల కెలలీ విషయంలో వెతుకుననారు, అందుకుని, పెటటను.
अचछा? तुमहारी छोटी बहन की भी तुमहारी माँ से लडाई हो गई?	అది నిజమేనా? మీ చెలలి కూడా మీ అమమతో గొడవపడిందా?
यह बात और नैटली के रदद होने के कारण	అది ఒపపుకుని, నాటలీని అనరహురాలిని చేశారు,
तुमहारे उतने अंक घटते जाएँगे.	అపపుడు నీకు ఒక పాయింట తగగిపోతుంది.
किसी को मेरी आवाज सुनाई दे रही है?	ఎవరికెనా నేను వినిపిసతుననానా?
अगर आपको आतमहतया के खयाल आ रहे हैं या किसी से बात करना चाहते हैं तो,	మీకు ఆతమహతయ ఆలోచనలు ఉంటే, లేదా ఎవరితోనెనా మాటలాడాలని ఉంటే,
अगर यह कोई बडी गलती हुई तो?	ఇది పెదద పొరపాటు అయితే?
उनहें लगता है अगले साल परतियोगिता के लिए तैयार होऊँगी.	వచచే ఏడాదికి నేను పోటీ చేయగలనని అనుకుంటుననాడు.
-मजाक कर रहे हो? -नहीं.	-నీకిది సరదాగా ఉందా? -కాదు.
-अचछा, तुम ठीक-ठाक लग रही हो. . . -इसे बंद करो.	-సరే, అది నువవు బాగోలేవా. . . -అది ఆపేయ.
अचछा. हम ऐसा करेंगे.	సరే. పరణాళిక ఇది.
-हे भगवान! -डेना!	-అయయో దేవుడా! -డేనా!
उनके पिछले मरीज ने वन वरलड में बैरल रेसिंग परतियोगिता जीती.	అతని చివరి కలెంట వన వరలడలో బయారెల రేసింగ గెలిచాడు.
-हैलो. -हैलो.	-హాయ. -హాయ.
अचछा? कौन सी?	అవునా? ఏది?
टंबलवीड हॉलो एक भरती - रात 10 बजे	టంబులవీడ హాలో పరవేశం ఒకరికి - ఉ. 10 గం.
कयोंकि उसे गुससा आएगा?	ఎందుకు తనకు కోపం వసతుందనా?
कयों? ताकि अपने पिता को बता सको?	ఎందుకు? మీ నాననకు చెపపాలనా?
मैं 17 की हूँ, और मेरी माँ 17 की थीं जब उनहोंने मुझे जनम दिया, और. . .	నాకు 17 ఏళళు, మా అమమ ననను కననపపుడు ఆమెకు 17 ఏళళు, ఇంకా. . .
तुम कुछ नहीं जानते.	నీకు ఏం తెలియదు.
मुझे नहीं खेलना.	నేను వదిలేసతుననాను.
तुमहें मार डालूँगी.	నినను చంపేసతాను.
धयान से, मिस केनी. ये काफी महँगी हैं.	జాగరతత. అందులో కొనని చాలా డబబు తెచచిపెటటేవి.
मुझे काम के लिए चाहिए थी.	నాకు అది పనికి అవసరం.
उतनी बेवकूफ नहीं हूँ.	నేను అంత పిచచిదానని కాదు.
वह तुमहारा बॉयफरेंड है न?	అతను నీ బాయఫరెండ కదా?
डेना! मेरी आवाज आ रही है?	డేనా! వినిపిసతుననానా?
तो, तुम उसकी मदद करते रहे?	అందుకని, నువవు సాయం చేసతుననావా?
कयोंकि तुम एक अंत सोच बैठोगी और	నువవేం చేసతుననావంటే సంతోషంగా ఉండాలసిన
"एक से कुछ नहीं बिगडेगा पर दो लो तो?	"ఎవరూ నీకు హాని చేయరు కానీ రెండు తీసుకుంటే?
वरना वह समझ जाती कि मैं उसके खिलाफ खेल रही थी.	ఎందుకంటే తనతో నేను పోటీ పడుతుననానని తనకు తెలిసిపోతుంది.
पूजा आरंभ होगी रिचरडस काउंटी मुरदाघर में रात 10 बजे	కారయం రిచరడ కౌంటీ మారచురీ దగగర రాతరి 10 గంటలకు పరారంభమవుతుంది
और एक अजनबी जिसकी एक योजना थी.	పరణాళిక గల ఒక అపరిచితుడు.
बताओ.	అడుగు.
नहीं, तुमने ठीक कहा.	లేదు, నువవు అననది నిజమే.
अब तक तुम कया हमारी जासूसी करते रहे?	నువవు మాపె గూఢచరయం చేసతుననావా?
मेरा भी घर लौटने का मन न करता.	నాకూ ఇంటికి రావాలని అనిపించేది కాదు.
पता है तुम कया कर रहे हो.	నువవేం చేసతుననావో నాకు తెలుసు.
-पर. . . -लिली.	-కానీ. . . -లిలలీ.
डॉज सबसे आगे है और भाला मुकाबले के लिए जाएगा.	డాడజ మొదటి సథానంలో ఉననాడు, పోటీలో ముందుకు కొనసాగుతాడు.
तुमहारा संदेश मिला.	నాకు నీ సందేశం అందింది.
तुमहें हैरानी नहीं हुई?	నీకు ఆశచరయంగా లేదా?
तुमहारे पास एक घंटा है.	నీకు గంట సమయం ఉంది.
-ठीक है? -हाँ.	-బాగుందా? -అవును.
फाटक तक पहुँचने से पहले ही गिर जाओगी.	నువవు గేటుకు చేరుకునే సరికే నిననది పడేసతుంది.
अंधे बनकर चलोगे तो आतमविशवास ले डूबेगा.	గుడడిగా నడిసతే నమమకం చంపేసతుంది.
नाराज थी कि ऐबी खेल रही थी.	ఆమెకు ఆబీ ఆడుతుందని కోపం వచచింది.
शायद उसे लगा कि बराबरी कम की जा सकती है.	అతను పోటీ నుండి తపపుకోవడం అంత సులభం అనుకుననాడేమో.
और तभी के तभी निकल जाओगे. समझे?	వెంటనే దానని వదిలి వెళతావు. అరథమయిందా?
संवाद अनुवादक परवीन कौर शोम	సబటెటిల అనువాద కరత సమత
तुमहें मजे लेने की चुनौती दी गई.	నీది పారటీ చేసుకునే సవాలు.
और तुमहें तब भी लगेगा कि तुमहारी आँखें एकदम खुली हैं.	నీ కళళు విశాలంగా తెరిచే ఉననాయని అనుకుంటావు.
और जलदी करना कयोंकि ढूँढने में जितने मिनट जाया करोगे,	నువవు చూసతూ గడిపే పరతి నిమిషం తరిగిపోతుంది,
बाप रे! सच कह रही हो?	దేవుడా! నిజంగానా?
आज रात तुमसे मिलूँगा.	ఈ రాతరి కలుసతాను.
नशे से मुँह फेर लेगा.	నిరణయించుకుననాడు.
"टंबलवीड मेज"? मुझे अचछा नहीं लगा.	"టంబులవీడ మేజ"? ననను దాదాపుగా అవమానించారు.
कुछ नहीं. बस शुरू होने का समय, दोसती वाली माला, और. . .	నాకు అందలేదు. నాకు పరారంభ సమయం అందింది, ఏదో సనేహం గురించి, ఇంకా. . .
सब आर-पार दिखाई दे रहा था.	అది బాగా కనిపిసతుంది.
माँ की जिममेदारियाँ नहीं निभा पातीं.	నువవు మంచి అమమవు కాలేకపోయావు.
और जो हुआ, उसके बाद सब कुछ ठीक करना.	జరిగిన తరువాత అనని సరి చేయడం.
मुझे जिमी के अलावा और कोई नाम	నాకు ఇంకెవరి పెనా ఆలోచన వెళళడం లేదు,
वयकतिगत चुनौतियाँ खतम नहीं हुईं, रे.	వయకతిగత సవాళళు పూరతయయాయి, రే.
तो रे का भी इसमें हाथ होगा, है न?	అయితే రే కూడా అందులో ఉండి ఉంటాడని తెలుసా?
तुमहें इस बात से परेशानी हुई कि यह सब घिसा-पिटा था?	ఈ మొతతం విషయం సహజమే అని నీకు అనిపించిందా?
शायद लूक ही सब कर रहा हो.	లూక ఇనఛారజ అయింటాడు.
तुमने नाम हटा लिया, है न?	నువవు మానేశావు, కదా?
शुकरिया.	ధనయవాదాలు.
सुनो.	హేయ.
शुकरिया.	ధనయవాదాలు.
-बिशप से मिलने जा रही हो? -लिली,	-నువవు బిషప దగగరికి వెళుతుననావా? -లిలలీ,
कया बात है, यार?	ఏంటి సంగతులు, నేసతం?
मेरे चाचा यहाँ पैथोलॉजिसट हैं.	మా బాబాయ ఇకకడ పాథాలజిసట.
अचछा.	సరే.
अचछा.	సరే.
हैलो?	హలో?
हैलो?	హలో?
तुमने उसे बरबाद कर छोडा?	నువవు తనకు వెననుపోటు పొడిచావా?
और हेदर.	ఇంకా హేథర.
खासकर जब उसे पता चलेगा कि डॉज ने हिससा कयों लिया.	ముఖయంగా డాడజ ఎందుకు ఆడుతుననాడో తెలిసాక.
लगता है कि रे हॉल सच में तुमहें पसंद करने लगा था?	రే హాల నినను పరేమించాడని అనుకుంటుననావా?
-तुमने कया किया? -ताकि वह आगे न बढ सके.	-అలా ఎందుకు చేశావు? -తనను ముందుకు కొనసాగనీయకుండా.
वह हरगिज नहीं जीत सकती.	తను ఎలాగూ గెలిచే అవకాశం లేదు.
कहा कि कोई ऐन है जो घोडों को बचाती है.	గురరాలను రకషించే ఆన అనే ఆమెను వెతుకుతుననానననాను.
वह कोई नाटक नहीं कर रहीं. सच में अचछी इंसान हैं.	ఆమె ఏమీ అనుకోవడం లేదు. ఆమె మంచి వయకతి.
और शायद लूक को लगता है कि किसी को नहीं पता.	ఎవరికీ తెలియదని లూక అనుకుంటుననాడు.
तो पहले उसके साथ समझौता कयों किया?	మరి మొదట తనతో ఎందుకు ఒపపందం కుదురచుకుననావు?
इतने घबराए कयों हो?	ఎందుకంత కంగారు?
मैंने तभी नशा लेना शुरू किया जब जिमी. . .	నేను కనీసం మొదలు కూడా పెటటలేదు, ఎంతవరకంటే జిమమీ. . .
तुमहारी कॉफी ठंडी हो रही है.	నీ కాఫీ చలలారిపోతుంది.
मैं यहीं हूँ. मैं. . .	నేను ఇకకడే ఉననాను. నేను. . .
जो खिलाडी उसके खिलाफ खेलेगा, वह अभी तय नहीं हुआ है.	అతనితో పోటీ పడేవారిని ఇంకా నిరణయించలేదు.
-नहीं खेलना. -हाँ.	-వదిలేసతుననావా? -అవును.
हासिल करने का मौका हो भी तो. . .	తనకు అవకాశం ఉననాగానీ. . .
नरक में से भी.	నరకంలో నుండి కూడా.
जो हुआ, उसके चलते मैंने पैनिक में हिससा लिया.	నేను జరిగినదానికి పానిక ఆడుతుననాను.
पर कल सुबह-सुबह चल सकते हैं, ठीक है?	కానీ ఉదయాననే వెళదాము, సరేనా?
बधाई हो, हेदर.	శుభాకాంకషలు, హేథర.
मैं कह रही हूँ. दरअसल, जोर दे रही हूँ.	నేను ఉండమని అడుగుతుననాను. నిజానికి, ఉండమంటుననాను.
बुरी इंसान नहीं हैं. आप बस. . .	నువవు చెడడ దానివి కాదు. నువవు కేవలం. . .
अगर मैं जीता, तो हम साबित करेंगे कि लूक को सटटेबाज के पैसे मिल रहे हैं.	నేను గెలిసతే, లూకకు బుకీగా లంచం అందుతుందని నిరూపించగలం.
तुम यही चाहती हो?	నీకు కావాలసింది అదేనా?
आखिरी चार परतियोगियों में मैं दो नंबर पर था.	నేను చివరి నలుగురిలో రెండవ వాడిని.
"सजा के तौर पर, उसके बाद से, इस खिलाडी के अंक रदद कर दिए गए हैं. "	"శికషగా, ఈ పలేయర పాయింటలు గడిచిన సమయానివి చెలలవు. "
मोटर आवास रात 10 बजे	మోటార లాడజ రాతరి 10 గంటలకు
कया? कयों?	ఏంటి? ఎందుకు?
जिसने जनम लिया, उसे झेल नहीं पाते.	మనకుననది నీకు నచచేది కాదు.
"एक गोली से अनिदरा में आराम मिलेगा एक गोली से दिल हलका होगा	"ఒక మాతర నిదరలేమికి ఒక మాతర బాధను తొలగిసతుంది
उसमें दुख होगा जबकि उसमें खुशी हो सकती है.	ముగింపుకు విషాదానని ఊహిసతుననావు.
यही एक रासता है.	అందుకు ఇదొకకటే మారగం.
वह सब कुछ अपने तक रखना चाहती थी.	నేను అందరికీ చూపించడం సరెనది కాదనుకుననాను.
यह झूठ है, है न?	ఇది నిజం కాదు, సరేనా?
नहीं, उसने ऐसा नहीं किया.	లేదు, అతను చేయలేదు.
कया मतलब शककर की गोलियाँ?	పంచదార మాతరలు అంటే?
पिछले साल, मैंने खुद से द सैलवेशन आरमी में हिससा लिया.	గత ఏడాది, సాలవేషన ఆరమీకి నేను సేవ చేశాను.
छोडो भी, हेदर, तुमहें पता भी है कि कया कह रही हो?	ఏంటిది, హేథర, ఏమంటుననావో అరథమవుతుందా?
कोशिश की.	పరయతనించాను.
हे भगवान.	అయయో దేవుడా.
हेदर, जिस साल रे जीतने की कोशिश करता है, यह बंदा पैनिक के नाम से	హేథర, అతను పానిక మీద చాలా, చాలా డబబు సేకరిసతాడు.
शायद उसे बचा भी लेते.	బహుశా అది ఆరపేసేవాడివి కూడా.
अपने भाई की तरह जेल जाना है? जाओ.	మీ అననలాగే నీకూ జెలుకెళళాలని ఉందా? అయితే రా.
हे भगवान.	అయయో దేవుడా.
डॉज	డాడజ
और उनहोंने बताया कि वहाँ बिसतर खाली नहीं थे.	తీరా వెళళాక మంచాలు ఖాళీ లేవననారు.
हे भगवान.	అయయో దేవుడా.
अब, लेट जाओ.	ఇక పడుకో.
चलो.	రా.
मुझे थोडा सा समय दे सकते हो?	నాకు ఒకక కషణం ఇసతావా?
वरना अगली लाश तुमहारी होगी.	లేదా తరువాత నీ అంతయకరియలు జరుగుతాయి.
हे भगवान.	అయయో దేవుడా.
इसे बंद करो.	అది ఆపేయ.
वह घर के पास नहीं है, है न?	అది ఇంటికి ఏ మాతరం దగగరలో లేదు, కదా?
नहीं सूझ रहा जो वो चिटठियाँ लिख सकता है कयोंकि. . .	జిమమీ కాకుండా, ఈ చీటీలు రాయగలవారు. . .
कम से कम भरती के लिए पैसे नहीं देने पडेंगे.	పరవేశానికి నువవు చెలలించకకరలేదు.
मुझे शायद तुमहारी चुनौती के लिए बुलाया गया.	నీ సవాలుకోసం నాకు అహవానమనుకుంటా.
तुममें और मुझमें यही तो फरक है.	అదే నీకూ నాకూ మధయ తేడా.
बहुत पहले एक लडकी थी, जिसमें कई कहानियाँ छुपी थीं.	అనగనగా, ఒక కథల తెలిసిన అమమాయి ఉండేది.
पर मुझे तुमसे एक सलाह चाहिए.	అయినా, నాకు ఒక విషయంలో నీ సలహా కావాలి.
पर इनहें आगे देना भी ठीक नहीं लगा जब	కానీ అవి తను ఎవరికీ చూపించకుండా దాచుకోవాలనుకుననవి
और घोडे, और तीन कुतते.	ఇంకా గురరాలు ఇంకా మూడు కుకకలు.
उसे जंप पर जितने भी अंक मिले हों.	-తను దూకితే ఎనని పాయింటలు వచచాయననది నాకనవసరం.
डेना, बहुत ही अजीब बात है.	డేనా, అది పిచచితనం.
आपको बताया कि कब लौटेगी?	తనెపపుడు తిరిగి వసతుందో చెపపిందా?
मारो मुझे, साले.	ననను కొటటు, చెతత వెధవ.
आ जाओ. आज रात मैं ही तुमहारा मेजबान हूँ.	రా. ఈ రాతరికి నేను నీ ఎంసీని.
उसे अंदर बंद कर दिया, तो वह घर के अंदर घुस नहीं पाएगी.	తనను తాళం వేసతే, తను ఇంటిలోకి వెళళలేదు.
संभावय असर: घबराहट	సంభావయ దుషపరభావాలు: పానిక
-सुन रहे हो? -हाँ.	-వింటుననావా? -వింటుననాను.
अपनी माँ को बता देना.	మీ అమమకు చెపపు.
नहीं. कयोंकि वह रे है, ठीक है?	లేదు. అది ఎందుకంటే రే కాబటటి, నీకు తెలుసా?
था कया?	ఉందా?
बचचा?	పాపాయా?
तुम खतरे को लेकर मुझे जञान बिलकुल नहीं दे सकते, ठीक है?	నువవు నాకు పరమాదాల గురించి చెబుతుననావా?
सच मानो, मेरे पिता और पिछली दो पीढियाँ फोरेंसिक में थी.	నమము నమమకపో, మా నానన మూడో తరం ఫోరెనసిక.
किसी दोसत के साथ फिलम देखने का मन कर रहा है?	ఒక ఫరెండతో సినిమా చూడాలని ఉందా?
नहीं, तुमहारी वजह से, हेदर.	లేదు, నీ వలన, హేథర.
गोली रखो. मुझे नहीं खेलना.	ఈ మాతర తీసుకో. నేను ఆట వదిలేసతుననాను.
आप. . .	నువవు. . .
फिर शे.	తరువాత షే.
जज लोगों को एक खास चाबी चाहिए.	నయాయనిరణేతలు, వాళళకు ఒక పరతయేక తాళం కావాలి.
यह पैनिक है. वह सब करना होगा जिससे डर लगता है.	ఇది పానిక. నీకు భయమేసేవి చేయాలి.
बस करो. अचछा, हम समझ गए. बस करो.	అది ఆపండి. ఆపండి, సరేనా, మాకు అరథమెంది. ఆపండి.
भाड में जाए यह सब. ठीक है?	ఇది తీసుకో. సరేనా?
पर खुद जिमी ने बंदूक बदली थी.	కానీ అది జిమమీనే సవయంగా తన తుపాకీ మారచాడు.
पर उसने शरत लगाई थी न?	కానీ అతను పందెం కాసతుననాడు, కదా?
हैलो? कोई है?	హలో! ఎవరెనా ఉననారా?
या वहाँ खडे रहे जबकि तुमहें पता था कि हेदर अंदर फँसी हुई थी?	లేదా హేథర అందులో ఇరుకకుంటే నిలబడి చూశావా?
सुनो, मैं कुछ देर के लिए नीचे जा रही हूँ.	హే, కొంచెం సేపు కింద ఉంటాను.
मुझे बाहर निकालो, डरू!	బయటకు తియ, డరూ!
-हेदर. -तुम ठीक हो?	-హేథర. -నువవు బాగానే ఉననావా?
कोई मेरी मदद करो, पलीज.	సహాయం చేయండి, ఎవరెనా సహాయం చేయండి.
और एक दुखद घटना जिसने उनकी कहानी खतम कर दी.	ఇంకా కథను ముగించిన ఒక విషాదం.
गुड मॉरनिंग.	శుభోదయం.
कि हमारा यही अंजाम होगा, ऐसा मत करो,	చెపపుకోవడం, ఇవననీ చేయకు,
बस आती ही होगी. घबराइए मत.	ఏ కషణంలోనెనా వచచేసతుంది. కంగారు పడకండి.
उसे खुद पर बडा गरव होता होगा	ఆమె ఖచచితంగా తనకు తాను మంచిది అనుకుంటుంది,
हाँ.	అవును.
चाल?	మోసమా?
एक समापन रेखा तक जाता है.	మనలో ఒకరు ముగింపు వరకూ వచచి గెలుసతారు.
मुझे थोडा समय दो.	నాకు ఒకక నిమిషం సమయం ఇవవు.
कैसे हो, अजनबी.	ఎలా ఉననావు, అపరిచితుడా.
छुपाना पडा?	మీ సంరకషకురాలినా?
और जलद ही, फुल टाइम कॉलेज जाओगी, उसके बाद भी?	తవరలోనే సకూలకు వెళుతూ కూడానా?
जब तुमने अपनी यह कहानी लिखी,	నువవు నీ ఈ చినన కథను రాయడానికి కూరచుననపపుడు,
चलो, गोली खाओ.	ఏంటిది, ఆ మాతర వేసుకో.
तीन, दो, एक, चलो.	మూడు, రెండు, ఒకటి, కానివవు.
पता होना चाहिए कि किससे डरना है,	నీకు దేనికి భయపడాలో,
अगर ठंड लगे तो.	ఇది నీకు చలలగా అనిపిసతే.
मुझे यकीन था कि सपरलॉक खेत में मेरी चाल कामयाब हो जाएगी.	నేను తనను సపరలాక పొలంలో ఇరికించాను.
रे की वजह से?	రే వలనా?
कि जैसे ही तुम खेल जीतने लगी, रे ने तुमसे बात करना शुरू कर दिया,	నువవు ఆట గెలుసతునన నిమిషం నుండే రే నీతో
रुको. एक सेकंड रुको.	ఆగు, ఆగు. కాసత ఆగు, ఒకక కషణం ఆగు.
अब जज अंतिम तीन को चुनेंगे.	చివరి ముగగురిని నయాయనిరణేతలు ఎంపిక చేసే సమయం.
मैं नहीं बदलूँगा.	మారచుకోను.
अंगरेजी में बताओ?	ఇంగలీషులో?
वयकतिगत चुनौतियों के नतीजे मिला लिए गए हैं, अंक हासिल किए जा चुके हैं.	సవాలు ఫలితాలు వచచాయి, గెలుచుకునన పాయింటలు
और लूक हॉल?	లూక హాల సంగతి ఏంటి?
तीन फालतू कमरे हैं.	నాకు అదనంగా మూడు పడకగదులు ఉననాయి.
कातिल सुधार और मरममत	కిలలర యొకక పునరుదధరణ మరియు మరమతతులు
कोई जबरदसती नहीं है.	నీకు తెలుసుగా, నువవు చేయనవసరం లేదు.
समझ में आता है कि उस तरफ वाली जिंदगी कैसी होती है, हाँ?	బాగుండటానికి రుచి మరిగావు, కదా?
शायद, हाँ.	అంటే, బహుశా, నిజం.
मुझे बाहर निकालो!	ననను బయటకు తియ! ననను బయటకు తియ!
एक समय पर, एक लडकी जिसमें कई कहानियाँ छुपी थीं	అనగనగా నమమడానికి ఏమీ లేని
तो, हंट ने तय किया,	అందుకని, హంట మతతు మందు తీసుకోకూడదని
ऐन ने माँ को जिनके बारे में बताया था.	ఆన అమమకు చెపపిన కోచ.
ताकि खेल में हेर-फेर कर सके?	మాటలాడుతుననాడు?
कुछ बहुत ही वयकतिगत थीं.	అంటే, వారిలో కొంతమంది చాలా సననిహితంగా ఉననారు.
कम से कम, यहाँ एयर कंडीशनर है.	ఇందులో ఏసీ ఉంది.
दूसरा बीच में ही दम तोड देता है.	మరొకరు ఓడిపోతారు.
भाड में जाओ, टायलर! भाड में जाओ!	పోరా, టెలర! పోరా!
लो.	ఇదిగో.
गाडी में पेटरोल कम है.	ఇంధనం లేదు.
यही बात.	అది, సరిగగా అది.
कोई है?	ఎవరెనా ఉననారా?
और आखिर में मायरा थी.	చివర మెరా.
हेदर. . .	హేథర. . . హేథర. . .
मैंने.	నేనే చెపపాను.
मुझे एक सवाल पूछना है.	నాదో పరశన.
हमेशा के लिए पकके दोसत	బె ఫరె ఫరె
साला.	ఛ.
तुम मजाक तो नहीं कर रहे?	నిజంగానా?
धत तेरी.	ఛ.
